"","p_val","avg_log2FC","pct.1","pct.2","p_val_adj"
"LINC00982",0,0.478102251388653,0.133,0.062,0
"PRDM16",0,0.3482581994261,0.183,0.129,0
"DNAJC11",0,0.260820238509841,0.181,0.133,0
"ERRFI1",0,0.297706086412934,0.31,0.24,0
"DHRS3",0,0.267880463669572,0.22,0.149,0
"AGMAT",0,0.431161856230773,0.121,0.043,0
"CLCNKA",0,0.7139859841201,0.174,0.079,0
"CLCNKB",0,0.540429069081045,0.192,0.106,0
"ALDH4A1",0,0.392114870936163,0.107,0.04,0
"AKR7A2",0,0.253360658323058,0.111,0.055,0
"CAMK2N1",0,0.342865800509377,0.197,0.126,0
"EIF4G3",0,-0.34561151041346,0.313,0.371,0
"TCEA3",0,0.33054200727954,0.17,0.095,0
"CD52",0,-0.86346518563598,0.08,0.187,0
"ATPIF1",0,0.537131449599321,0.288,0.184,0
"LAPTM5",0,-0.46661856000071,0.074,0.138,0
"SMAP2",0,-0.502659983030007,0.096,0.161,0
"SCMH1",0,-0.446908528847893,0.251,0.33,0
"HIVEP3",0,-0.412787348763891,0.111,0.164,0
"PRDX1",0,0.498123730731653,0.285,0.185,0
"AKR1A1",0,0.45108513334363,0.193,0.113,0
"CYP4A11",0,0.40567433572175,0.162,0.085,0
"PDZK1IP1",0,1.06362739720736,0.239,0.113,0
"SCP2",0,0.257085090042241,0.313,0.23,0
"ACOT11",0,0.382081830668966,0.176,0.113,0
"FGGY",0,0.523365395980727,0.305,0.248,0
"JAK1",0,-0.354154302105639,0.276,0.326,0
"AK4",0,0.696986752256635,0.273,0.136,0
"GADD45A",0,0.415923105728703,0.226,0.134,0
"PTGER3",0,0.501930546920103,0.324,0.2,0
"ACADM",0,0.386087330605562,0.237,0.144,0
"GIPC2",0,0.281540356399689,0.172,0.104,0
"PTBP2",0,-0.339040387002199,0.17,0.228,0
"DPYD",0,-0.493301968438393,0.217,0.271,0
"RNPC3",0,0.688739677702807,0.294,0.221,0
"GSTM3",0,0.276131315307093,0.105,0.051,0
"LAMTOR5",0,0.497059405591891,0.252,0.163,0
"CD53",0,-0.444413919870131,0.068,0.129,0
"RAP1A",0,-0.327993601368228,0.211,0.256,0
"CAPZA1",0,-0.334600612862701,0.149,0.2,0
"RP4-655J12.4",0,0.667499857103284,0.183,0.099,0
"HAO2",0,0.521447706032125,0.143,0.046,0
"NOTCH2",0,-0.314870780974865,0.084,0.128,0
"PDZK1",0,0.519957973280395,0.221,0.121,0
"CTSS",0,-0.421146217230336,0.071,0.126,0
"S100A4",0,-0.562800077866152,0.17,0.224,0
"RHBG",0,0.658819093339277,0.148,0.073,0
"IFI16",0,-0.396191096158581,0.112,0.17,0
"MPC2",0,0.331582480180962,0.184,0.105,0
"ATP1B1",0,0.618153574921772,0.552,0.355,0
"FMO1",0,0.33109802223477,0.11,0.053,0
"RFWD2",0,-0.305407115929843,0.237,0.294,0
"LAMC1",0,-0.414293865410436,0.101,0.158,0
"IVNS1ABP",0,0.3581122950672,0.301,0.231,0
"RGS2",0,-0.581283344809963,0.084,0.143,0
"PTPRC",0,-0.720206788837357,0.105,0.217,0
"ZC3H11A",0,0.29596923895484,0.28,0.222,0
"LPGAT1",0,-0.295302654987321,0.128,0.172,0
"ATF3",0,0.74253528040517,0.192,0.111,0
"ESRRG",0,0.635266566456384,0.513,0.431,0
"MARC2",0,0.367057908238332,0.2,0.12,0
"SUSD4",0,0.344752031229072,0.102,0.054,0
"AKT3",0,-0.423607088662381,0.29,0.352,0
"ADI1",0,0.638429184381817,0.229,0.12,0
"CYS1",0,0.283547904983225,0.19,0.119,0
"KHK",0,0.71786357487455,0.185,0.066,0
"PPP1CB",0,-0.357972890832258,0.237,0.283,0
"GALM",0,0.293579998488768,0.175,0.108,0
"SLC8A1",0,0.562994387654264,0.345,0.271,0
"EML4",0,-0.368287375919182,0.257,0.321,0
"ZFP36L2",0,-0.551180329931265,0.217,0.274,0
"SLC3A1",0,0.434821799035571,0.304,0.198,0
"BCYRN1",0,0.534979471753234,0.185,0.088,0
"PCYOX1",0,0.28810538175057,0.112,0.052,0
"ATP6V1B1",0,0.45748050438867,0.168,0.093,0
"NAT8",0,0.991211012621516,0.144,0.045,0
"SUCLG1",0,0.744313065370757,0.355,0.206,0
"DUSP2",0,-0.61023059429158,0.081,0.128,0
"AFF3",0,-0.841595945976079,0.048,0.116,0
"NPAS2",0,-0.351760600655137,0.115,0.163,0
"RNF149",0,-0.301891444385528,0.189,0.24,0
"MAP4K4",0,-0.634406724361171,0.139,0.23,0
"NCK2",0,-0.364555446078629,0.09,0.136,0
"SULT1C2",0,0.311954702553962,0.279,0.208,0
"RANBP2",0,0.462202173027061,0.259,0.194,0
"SH3RF3",0,-0.515840026178652,0.072,0.119,0
"MIR4435-1HG",0,-0.580051353364544,0.078,0.158,0
"ACTR3",0,-0.416155871070512,0.202,0.274,0
"DBI",0,0.271624065343726,0.26,0.182,0
"TMEM37",0,0.277855472198634,0.123,0.058,0
"CXCR4",0,-1.08173273719733,0.105,0.205,0
"HNMT",0,0.36119674708678,0.201,0.123,0
"ARHGAP15",0,-1.02543431490905,0.035,0.133,0
"GTDC1",0,-0.304051754171224,0.094,0.137,0
"ZEB2",0,-0.470453283460894,0.136,0.187,0
"TEX41",0,0.429295573116108,0.189,0.114,0
"CACNB4",0,0.35673533994517,0.147,0.098,0
"FMNL2",0,-0.596451446566448,0.238,0.308,0
"CYTIP",0,-0.406736232202449,0.079,0.132,0
"ITGB6",0,-1.20176850343853,0.069,0.203,0
"RBMS1",0,-0.480394208606541,0.271,0.344,0
"TANK",0,-0.440667980567437,0.136,0.201,0
"SCN2A",0,0.285239490912166,0.178,0.134,0
"STK39",0,-0.336143243000077,0.157,0.203,0
"LRP2",0,0.731767821953738,0.436,0.292,0
"MYO3B",0,0.262450261576956,0.144,0.103,0
"WIPF1",0,-0.347664381292753,0.136,0.192,0
"ATP5G3",0,0.354340597812334,0.248,0.158,0
"SESTD1",0,-0.367033829633802,0.142,0.194,0
"ZNF385B",0,0.37018031969217,0.17,0.113,0
"ITGAV",0,-0.382895902087246,0.197,0.249,0
"HIBCH",0,0.276272354136066,0.35,0.273,0
"STK17B",0,-0.449423867729081,0.069,0.13,0
"ANKRD44",0,-0.785850863030317,0.128,0.223,0
"HSPD1",0,0.282027961579336,0.369,0.281,0
"PLCL1",0,0.661918676678043,0.465,0.361,0
"RAPH1",0,-0.388544182131233,0.1,0.157,0
"PTH2R",0,0.414469059063451,0.473,0.432,0
"ARPC2",0,-0.382171646653982,0.294,0.338,0
"AP1S3",0,-0.554411626006379,0.058,0.108,0
"DOCK10",0,-0.517032146808345,0.063,0.117,0
"EFHD1",0,0.365397269237313,0.258,0.169,0
"LRRFIP1",0,-0.42718911516505,0.376,0.441,0
"SLC4A7",0,-0.398451673018492,0.119,0.172,0
"RBMS3",0,-1.02589033839354,0.173,0.259,0
"OSBPL10",0,-0.4661144873929,0.216,0.284,0
"FBXL2",0,-0.401372951551316,0.09,0.146,0
"GOLGA4",0,0.344820765327233,0.531,0.477,0
"ACAA1",0,0.394009305143762,0.179,0.103,0
"PTH1R",0,0.686544038849978,0.445,0.286,0
"MST1",0,0.467429573526258,0.139,0.067,0
"CHDH",0,0.28969791589911,0.144,0.088,0
"CACNA2D3",0,0.493555434677735,0.231,0.184,0
"FOXP1",0,-0.332107886472388,0.43,0.49,0
"MTRNR2L12",0,2.01510480503433,0.445,0.254,0
"NFKBIZ",0,-0.364625089599951,0.116,0.19,0
"CBLB",0,-0.38658462299947,0.214,0.263,0
"CD47",0,-0.403072825784912,0.108,0.167,0
"ZBTB20",0,-0.400340841033712,0.554,0.61,0
"LSAMP",0,-0.570751493301394,0.082,0.133,0
"HGD",0,0.279476336511636,0.167,0.105,0
"GOLGB1",0,0.517183831335625,0.458,0.384,0
"CASR",0,0.566366557069705,0.184,0.121,0
"KALRN",0,-0.637989397261412,0.103,0.184,0
"ALDH1L1",0,0.525129108179006,0.263,0.153,0
"RASA2",0,-0.518832803155339,0.142,0.227,0
"PLSCR1",0,-0.348811359820184,0.115,0.16,0
"MBNL1",0,-0.541894083727395,0.389,0.445,0
"VEPH1",0,0.329567261557615,0.148,0.086,0
"TNIK",0,-0.575446267721365,0.114,0.196,0
"FNDC3B",0,-0.624456275870142,0.365,0.444,0
"NLGN1",0,-0.360815083135209,0.26,0.311,0
"EHHADH",0,0.545245721547113,0.254,0.142,0
"KNG1",0,0.846478443842533,0.227,0.077,0
"ST6GAL1",0,-0.477164859709515,0.201,0.269,0
"LPP",0,-0.590766277267142,0.484,0.534,0
"HES1",0,0.615123479686264,0.202,0.101,0
"MUC20",0,0.294950860093589,0.126,0.076,0
"ATP5I",0,0.429771915252804,0.307,0.196,0
"FGFR3",0,0.290509103680899,0.111,0.068,0
"PROM1",0,-0.473773071075546,0.063,0.119,0
"TAPT1-AS1",0,0.48007559908213,0.274,0.196,0
"QDPR",0,0.298676650002982,0.114,0.055,0
"KCNIP4",0,-1.24947340943066,0.293,0.4,0
"SEL1L3",0,-0.387182441996632,0.053,0.104,0
"ARAP2",0,-0.320527492592688,0.121,0.171,0
"OCIAD2",0,0.307624237400002,0.193,0.131,0
"CHIC2",0,-0.306686459092579,0.121,0.166,0
"UGT2B7",0,0.715352479342412,0.328,0.245,0
"SLC4A4",0,0.633976783454772,0.372,0.247,0
"AGPAT9",0,0.589227361704185,0.277,0.145,0
"CCSER1",0,0.401291112206434,0.455,0.412,0
"PDLIM5",0,-0.57677986467799,0.248,0.304,0
"PPP3CA",0,-0.45901084154676,0.234,0.297,0
"NFKB1",0,-0.376353310143456,0.123,0.171,0
"BDH2",0,0.47584446370649,0.182,0.094,0
"ARHGEF38",0,-0.411767973051899,0.098,0.143,0
"HADH",0,0.31072199659518,0.152,0.084,0
"EGF",0,1.3390898653003,0.311,0.109,0
"ANK2",0,0.535746557138042,0.31,0.192,0
"CAMK2D",0,-0.5028758422601,0.149,0.219,0
"NDUFC1",0,0.453841352900168,0.222,0.122,0
"FBXW7",0,-0.316482974969116,0.191,0.243,0
"STOX2",0,-0.361063398259213,0.157,0.204,0
"SLC6A19",0,0.374965936097201,0.113,0.052,0
"NDUFS6",0,0.320825985911557,0.223,0.13,0
"CMBL",0,0.871072666648217,0.244,0.098,0
"TRIO",0,-0.640235876311021,0.304,0.391,0
"PDZD2",0,0.357117986222079,0.333,0.258,0
"NPR3",0,0.402332967052961,0.15,0.069,0
"AGXT2",0,0.468205607581503,0.245,0.138,0
"PRLR",0,0.43230940014892,0.189,0.105,0
"RANBP3L",0,0.286908226623057,0.109,0.059,0
"OSMR",0,-0.494907743215473,0.078,0.143,0
"FYB",0,-0.558503200064921,0.07,0.141,0
"DAB2",0,0.706902135951569,0.281,0.153,0
"SEPP1",0,0.737013209267072,0.243,0.126,0
"PARP8",0,-0.594618898069845,0.08,0.158,0
"MAP3K1",0,-0.383925334302907,0.153,0.209,0
"ZSWIM6",0,-0.354450181641756,0.319,0.378,0
"MAST4",0,0.280722045637886,0.403,0.344,0
"NSA2",0,0.320128914159381,0.169,0.099,0
"DMGDH",0,0.358416955134052,0.231,0.147,0
"BHMT2",0,0.483099872429998,0.29,0.178,0
"BHMT",0,0.769803497985319,0.303,0.156,0
"CMYA5",0,0.487502137660136,0.213,0.139,0
"SERINC5",0,-0.411799645323788,0.075,0.127,0
"MTRNR2L2",0,1.11950892818255,0.282,0.147,0
"COX7C",0,0.360102567075734,0.366,0.284,0
"PAM",0,-0.517571934281822,0.231,0.304,0
"FER",0,-0.423302148415482,0.228,0.294,0
"TNFAIP8",0,-0.671382978500309,0.067,0.152,0
"ALDH7A1",0,0.277540045823366,0.165,0.097,0
"CDC42SE2",0,-0.495448265338412,0.225,0.304,0
"UQCRQ",0,0.371886358156964,0.254,0.167,0
"VDAC1",0,0.257523848287643,0.219,0.148,0
"CXCL14",0,1.04569310240701,0.203,0.093,0
"KLHL3",0,0.464293581924701,0.135,0.079,0
"EGR1",0,0.43533659444035,0.267,0.195,0
"UBE2D2",0,-0.371638294809226,0.298,0.355,0
"CYSTM1",0,0.26721901394719,0.348,0.252,0
"SLC4A9",0,0.481461354964209,0.106,0.053,0
"NDUFA2",0,0.277950703140631,0.189,0.116,0
"ARHGAP26",0,-0.853934949747583,0.198,0.304,0
"CD74",0,-0.818692763923568,0.244,0.325,0
"GPX3",0,1.52404214293158,0.427,0.249,0
"ATOX1",0,0.554839041600164,0.209,0.107,0
"CYFIP2",0,0.43493436828368,0.31,0.215,0
"RNF145",0,-0.262208028537773,0.11,0.151,0
"STK10",0,-0.307111659727445,0.062,0.107,0
"CPEB4",0,0.380534675400993,0.419,0.315,0
"KIAA1191",0,0.375353530753281,0.161,0.087,0
"SLC34A1",0,0.453004971029675,0.166,0.076,0
"GMDS",0,-0.483802332395379,0.188,0.259,0
"NQO2",0,0.35940251849282,0.192,0.111,0
"ECI2",0,0.433900430411466,0.201,0.106,0
"GCNT2",0,0.397187346002771,0.24,0.163,0
"CASC15",0,-0.590658446597229,0.1,0.169,0
"ACOT13",0,0.312598164561023,0.132,0.065,0
"FAM65B",0,-0.642395698770492,0.067,0.149,0
"HLA-A",0,-0.496320502249603,0.355,0.414,0
"IER3",0,0.393730284738897,0.165,0.123,0
"HLA-C",0,-0.602719665977364,0.311,0.349,0
"HLA-DRA",0,-0.583889881140544,0.163,0.218,0
"HLA-DPB1",0,-0.450978082027526,0.123,0.177,0
"ZFAND3",0,-0.318140380434454,0.421,0.472,0
"CCND3",0,-0.664864069867477,0.181,0.277,0
"DNPH1",0,0.31504832674813,0.133,0.067,0
"VEGFA",0,0.527428848029698,0.216,0.125,0
"GSTA2",0,1.04341837307083,0.143,0.043,0
"TINAG",0,0.470170354070795,0.254,0.183,0
"FAM135A",0,-0.389381574775404,0.15,0.2,0
"BACH2",0,-0.495060050303031,0.124,0.179,0
"TRAF3IP2-AS1",0,-0.285962658950344,0.082,0.12,0
"FYN",0,-0.484197706749162,0.113,0.161,0
"CEP85L",0,-0.315792829566198,0.082,0.123,0
"FAM184A",0,0.252824714636951,0.114,0.074,0
"PTPRK",0,-0.599943230030592,0.26,0.346,0
"MAP3K5",0,-0.409547584460211,0.161,0.215,0
"HIVEP2",0,-0.418328336759657,0.189,0.254,0
"PLEKHG1",0,-0.588989354022917,0.125,0.184,0
"MTHFD1L",0,-0.765861777193261,0.076,0.175,0
"AKAP12",0,-0.607903940606732,0.176,0.222,0
"SNX9",0,-0.384344094850746,0.189,0.235,0
"SYTL3",0,-0.441734526010587,0.073,0.128,0
"MPC1",0,0.499644277944588,0.305,0.182,0
"NDUFA4",0,0.270141897263199,0.326,0.247,0
"HDAC9",0,-0.603058814117749,0.062,0.12,0
"MACC1",0,-0.693847417276937,0.146,0.236,0
"ITGB8",0,-0.865898499828781,0.216,0.307,0
"JAZF1",0,-0.568169891432214,0.076,0.155,0
"CREB5",0,-0.846370018599767,0.094,0.177,0
"AQP1",0,0.687353476473452,0.173,0.087,0
"AVL9",0,-0.302172171818884,0.233,0.287,0
"ELMO1",0,-0.669477734040866,0.086,0.155,0
"STK17A",0,-0.524857061868085,0.09,0.162,0
"ASL",0,0.298657490167831,0.127,0.074,0
"PTPN12",0,-0.327014186792131,0.17,0.219,0
"PCLO",0,0.339581940040416,0.296,0.239,0
"PDK4",0,0.545771768086464,0.379,0.224,0
"BRI3",0,0.272984734439572,0.249,0.172,0
"SMURF1",0,-0.380082348619386,0.161,0.224,0
"ARPC1B",0,-0.365687633704434,0.113,0.16,0
"AZGP1",0,0.486616858392303,0.117,0.038,0
"ZNHIT1",0,0.303980554477223,0.209,0.124,0
"FIS1",0,0.296129053583301,0.208,0.12,0
"MET",0,-0.776240296419715,0.139,0.223,0
"AC016831.7",0,-0.5930093408568,0.043,0.102,0
"MIR29A",0,-0.381296834728247,0.097,0.143,0
"LINC-PINT",0,-0.723722611957755,0.328,0.436,0
"PODXL",0,0.258136733333989,0.156,0.114,0
"EXOC4",0,-0.285011336964693,0.365,0.416,0
"ATP6V0A4",0,0.359663872275912,0.232,0.152,0
"TMEM213",0,0.325903207417978,0.188,0.125,0
"TPK1",0,-0.345800362245146,0.069,0.113,0
"TMEM176A",0,0.386332593885378,0.117,0.052,0
"ARHGAP6",0,0.426907162356802,0.404,0.35,0
"TMSB4X",0,-0.808534865676592,0.334,0.417,0
"TMEM27",0,0.520251228368211,0.135,0.057,0
"REPS2",0,-0.296150951968713,0.076,0.112,0
"RPS6KA3",0,-0.353634559994049,0.145,0.191,0
"WDR13",0,0.285724845579156,0.14,0.097,0
"PCSK1N",0,0.573428292139864,0.138,0.052,0
"CLCN5",0,0.367567233928906,0.253,0.171,0
"COX7B",0,0.343695072283337,0.287,0.198,0
"DIAPH2",0,-0.422856552556988,0.162,0.229,0
"NGFRAP1",0,0.309209436748317,0.203,0.114,0
"TCEAL4",0,0.276676372720204,0.192,0.118,0
"ACSL4",0,-0.51007285858696,0.173,0.228,0
"DOCK11",0,-0.457434553726694,0.056,0.116,0
"PGRMC1",0,0.353491652855563,0.132,0.06,0
"NDUFA1",0,0.305311991683869,0.258,0.175,0
"XPNPEP2",0,0.368285783016661,0.114,0.044,0
"HS6ST2",0,0.522761085670452,0.117,0.043,0
"DEFB1",0,0.509587630814716,0.303,0.158,0
"MSRA",0,0.33804001882612,0.336,0.263,0
"PSD3",0,-0.554254662339606,0.09,0.171,0
"EPHX2",0,0.465712101797721,0.234,0.125,0
"LYN",0,-0.355043992141449,0.07,0.108,0
"RP11-513O17.2",0,0.62829015831873,0.195,0.122,0
"FAM110B",0,-0.272608328933007,0.095,0.137,0
"RALYL",0,0.266817105396845,0.275,0.207,0
"SLC26A7",0,0.333165348434733,0.18,0.134,0
"HRSP12",0,0.748672683793181,0.175,0.069,0
"DPYS",0,0.55394561492092,0.257,0.148,0
"EXT1",0,-0.558309885036036,0.306,0.365,0
"ZHX2",0,-0.358117709804488,0.235,0.295,0
"FAM49B",0,-0.416678580136718,0.239,0.313,0
"ASAP1",0,-0.618767586114463,0.195,0.265,0
"NDRG1",0,0.295557319394121,0.358,0.256,0
"SLC45A4",0,0.387526385461336,0.181,0.129,0
"PPP1R16A",0,0.313570948790801,0.125,0.063,0
"KANK1",0,0.393218893919131,0.389,0.335,0
"RFX3",0,-0.382562863838135,0.149,0.199,0
"AK3",0,0.374604263207894,0.298,0.213,0
"GLDC",0,0.322221520471238,0.203,0.131,0
"FREM1",0,0.521535852682318,0.244,0.149,0
"BNC2",0,-0.455951294719866,0.235,0.295,0
"ACO1",0,0.25304282269365,0.166,0.11,0
"GRHPR",0,0.320863287987727,0.147,0.076,0
"TRPM3",0,0.539776300626353,0.36,0.281,0
"TMEM2",0,-0.386573093372027,0.148,0.21,0
"ZFAND5",0,0.516720866544796,0.382,0.258,0
"ALDH1A1",0,0.336106310926059,0.187,0.106,0
"ANXA1",0,-0.604930899053761,0.127,0.206,0
"TRPM6",0,0.586342590958591,0.11,0.051,0
"GNAQ",0,-0.410012787081081,0.324,0.376,0
"FRMD3",0,0.27961970766336,0.234,0.183,0
"SEMA4D",0,-0.346554838442823,0.146,0.197,0
"FBP1",0,0.814771220870635,0.252,0.111,0
"LPPR1",0,0.284884964479142,0.185,0.117,0
"ALDOB",0,1.9143965345317,0.347,0.177,0
"TXN",0,0.543317694275368,0.25,0.162,0
"UGCG",0,-0.666008744706254,0.152,0.24,0
"KIF12",0,0.301597121163884,0.172,0.129,0
"COQ4",0,0.260445057110273,0.178,0.123,0
"FNBP1",0,-0.334635782085625,0.225,0.274,0
"ASS1",0,0.725644092657715,0.322,0.181,0
"EGFL7",0,0.31970215940759,0.131,0.077,0
"PHPT1",0,0.317228589896744,0.207,0.12,0
"KLF6",0,-0.36671414252291,0.342,0.403,0
"AKR1C3",0,0.305841936622796,0.103,0.046,0
"CELF2",0,-0.797673266126792,0.108,0.219,0
"CAMK1D",0,-0.90602257194665,0.073,0.161,0
"PHYH",0,0.328169669329474,0.151,0.084,0
"CUBN",0,0.881826247070628,0.499,0.304,0
"CACNB2",0,0.342401534221646,0.174,0.114,0
"NEBL",0,0.266655932329679,0.272,0.207,0
"PIP4K2A",0,-0.549723380219515,0.17,0.247,0
"APBB1IP",0,-0.503069161924941,0.055,0.122,0
"ANKRD26",0,0.395559873351026,0.292,0.223,0
"ZEB1",0,-0.472533582475852,0.142,0.207,0
"TMEM72",0,0.481998957923046,0.143,0.071,0
"RASSF4",0,0.399528164373379,0.218,0.168,0
"OGDHL",0,0.489812282199419,0.228,0.13,0
"JMJD1C",0,-0.336385522161333,0.446,0.491,0
"PBLD",0,0.576621426631444,0.231,0.114,0
"SRGN",0,-0.303120714362168,0.172,0.25,0
"HKDC1",0,-0.363961109491319,0.057,0.1,0
"PCBD1",0,0.288282025118891,0.135,0.073,0
"MCU",0,-0.482025972099726,0.172,0.245,0
"TTC18",0,0.278840797296662,0.141,0.092,0
"VCL",0,-0.46914462411079,0.2,0.256,0
"FAM213A",0,0.263920570068046,0.144,0.077,0
"GHITM",0,0.262699036885763,0.197,0.131,0
"ADIRF",0,0.528256243409431,0.178,0.088,0
"SLC16A12",0,0.528391176974325,0.345,0.238,0
"CPEB3",0,0.363285539389537,0.273,0.214,0
"MYOF",0,-0.745498905601076,0.112,0.192,0
"PAX2",0,0.261339007905601,0.298,0.239,0
"SFXN2",0,0.313763964022911,0.117,0.056,0
"CNNM2",0,0.496966002444484,0.259,0.185,0
"USMG5",0,0.277880113500712,0.263,0.189,0
"PLEKHA1",0,-0.505582159948129,0.185,0.259,0
"ACADSB",0,0.302438605410767,0.126,0.063,0
"PTPRE",0,-0.460779953938065,0.056,0.113,0
"ECHS1",0,0.810252258519835,0.243,0.128,0
"EPS8L2",0,0.511033726416958,0.242,0.18,0
"LSP1",0,-0.373268312098582,0.051,0.104,0
"CDKN1C",0,0.272093377912089,0.12,0.064,0
"STIM1",0,-0.266079919986812,0.113,0.157,0
"SWAP70",0,-0.314416454541893,0.1,0.139,0
"MTRNR2L8",0,1.40841128557931,0.356,0.152,0
"NELL1",0,0.72798917263257,0.174,0.081,0
"SLC5A12",0,0.472827297446213,0.312,0.196,0
"BBOX1",0,0.349863073726592,0.266,0.177,0
"CD59",0,0.271315961477525,0.224,0.167,0
"CAT",0,0.274843255073086,0.198,0.132,0
"CD44",0,-0.763054310280039,0.063,0.161,0
"GLYATL1",0,0.437515218419863,0.138,0.056,0
"SLC22A8",0,0.450614233061426,0.156,0.075,0
"COX8A",0,0.286148485639605,0.26,0.18,0
"MACROD1",0,0.374131791148257,0.18,0.101,0
"FKBP2",0,0.252751796816866,0.21,0.13,0
"NEAT1",0,-0.625891007186798,0.745,0.822,0
"MALAT1",0,-0.36111205616066,0.845,0.97,0
"PTPRCAP",0,-0.557667695537544,0.061,0.129,0
"NDUFV1",0,0.383190175942778,0.207,0.126,0
"FCHSD2",0,-0.48859408122551,0.212,0.271,0
"ACER3",0,-0.298447456053039,0.107,0.15,0
"GAB2",0,-0.442822435337664,0.086,0.148,0
"C11orf54",0,0.816646391580486,0.329,0.179,0
"YAP1",0,-0.353934145239666,0.215,0.263,0
"BIRC3",0,-0.435965630363658,0.068,0.127,0
"ACAT1",0,0.631027969570865,0.285,0.16,0
"CRYAB",0,0.925062415064647,0.204,0.102,0
"FXYD2",0,0.891254274943295,0.431,0.244,0
"USP2",0,0.403461950386036,0.161,0.083,0
"THY1",0,0.439473244441733,0.106,0.033,0
"GRAMD1B",0,0.325268613906377,0.105,0.053,0
"ETS1",0,-0.508502732070217,0.13,0.199,0
"FLI1",0,-0.522168750387123,0.049,0.103,0
"KCNJ1",0,0.328268873248174,0.129,0.07,0
"SLC6A12",0,0.25127441860561,0.103,0.065,0
"SLC6A13",0,0.619752446177038,0.235,0.114,0
"WNK1",0,0.507991893209116,0.433,0.359,0
"PTMS",0,0.499342371201822,0.206,0.107,0
"RBP5",0,0.804547545403836,0.167,0.067,0
"CD69",0,-1.05312965218754,0.065,0.152,0
"TMEM52B",0,0.46401892296546,0.187,0.102,0
"GABARAPL1",0,0.328633849179703,0.228,0.142,0
"ETV6",0,-0.676786418736977,0.192,0.286,0
"ARHGDIB",0,-0.559842930654892,0.124,0.196,0
"MGST1",0,0.336704560851531,0.175,0.118,0
"LDHB",0,0.498011262998693,0.365,0.266,0
"BICD1",0,-0.397564881986862,0.167,0.239,0
"SLC38A1",0,-0.286481923111425,0.153,0.201,0
"RP11-446N19.1",0,0.289171007139262,0.195,0.15,0
"PCED1B",0,-0.298431905894069,0.075,0.116,0
"VDR",0,0.310844840057702,0.145,0.095,0
"TUBA1A",0,-0.417191810880448,0.068,0.106,0
"TMBIM6",0,0.412239460235811,0.345,0.273,0
"AQP2",0,0.363855212467034,0.12,0.081,0
"METTL7A",0,0.459197782473389,0.179,0.084,0
"NR4A1",0,0.427462571576386,0.302,0.231,0
"ATP5B",0,0.268276029796842,0.262,0.182,0
"RAP1B",0,-0.375268538823071,0.277,0.333,0
"RP1-78O14.1",0,0.424213103184395,0.182,0.13,0
"BTG1",0,-0.61093590628031,0.28,0.324,0
"RP11-511B23.2",0,0.335915498549064,0.145,0.095,0
"NUDT4",0,0.302867160000017,0.196,0.132,0
"CDK17",0,-0.408260712795029,0.117,0.167,0
"SLC25A3",0,0.304437184379119,0.278,0.193,0
"HSP90B1",0,0.271526112204213,0.367,0.289,0
"CHST11",0,-0.761171290827446,0.065,0.145,0
"CRY1",0,-0.26628217280715,0.07,0.105,0
"BTBD11",0,0.367044378503432,0.112,0.058,0
"CORO1C",0,-0.419730489581101,0.056,0.107,0
"ALDH2",0,0.430385236461815,0.189,0.103,0
"MED13L",0,-0.392491255562135,0.397,0.459,0
"FBXO21",0,0.327655231821334,0.272,0.189,0
"PEBP1",0,0.932645353673716,0.373,0.232,0
"HNF1A-AS1",0,0.357912787996868,0.194,0.129,0
"HPD",0,0.766169849506866,0.193,0.077,0
"CRYL1",0,0.436927461447474,0.375,0.249,0
"PAN3",0,-0.258325524685143,0.306,0.362,0
"KL",0,0.472098665539824,0.174,0.08,0
"LHFP",0,-0.65524541861295,0.072,0.123,0
"ELF1",0,-0.326964028649759,0.296,0.361,0
"DGKH",0,-0.680146202086317,0.174,0.256,0
"SMIM2-AS1",0,0.321369029767235,0.152,0.108,0
"TPT1",0,0.841720078122843,0.451,0.426,0
"LCP1",0,-0.27115865736962,0.062,0.107,0
"ITM2B",0,0.389199355953136,0.529,0.506,0
"FNDC3A",0,-0.432145345434213,0.311,0.363,0
"GPC5",0,0.422254309820074,0.282,0.162,0
"ABCC4",0,-0.343472473828053,0.186,0.243,0
"CLDN10",0,0.412239928378257,0.274,0.178,0
"COL4A1",0,-0.803496336025023,0.193,0.236,0
"ATP11A",0,-0.448347863229955,0.179,0.241,0
"PNP",0,0.340663594990045,0.127,0.063,0
"SLC7A7",0,0.408703360118968,0.176,0.1,0
"SLC7A8",0,0.584541655882874,0.275,0.159,0
"DHRS4L2",0,0.280703878978015,0.124,0.058,0
"BAZ1A",0,-0.415961509116351,0.108,0.177,0
"SAMD4A",0,-1.04546627435151,0.156,0.275,0
"PRKCH",0,-0.495379180685266,0.11,0.159,0
"HIF1A",0,-0.606064821082106,0.236,0.311,0
"FUT8",0,-0.31457210151445,0.114,0.162,0
"ARG2",0,0.424060534314797,0.139,0.066,0
"ACTN1",0,-0.593578788584127,0.068,0.142,0
"ENTPD5",0,0.257557899108971,0.153,0.095,0
"ALDH6A1",0,0.879528995210365,0.26,0.104,0
"ESRRB",0,0.517017238494105,0.138,0.069,0
"CALM1",0,0.297034343369843,0.414,0.33,0
"NDUFB1",0,0.321483349432347,0.261,0.173,0
"EVL",0,-0.464733381473328,0.135,0.214,0
"PPP2R5C",0,-0.365076334403809,0.235,0.281,0
"TRAF3",0,-0.411864668283853,0.1,0.162,0
"AMN",0,0.381747463322995,0.132,0.062,0
"TNFAIP2",0,-0.366306456754692,0.059,0.106,0
"CKB",0,0.351613101162997,0.181,0.106,0
"SPRED1",0,-0.314309197274222,0.111,0.157,0
"SRP14",0,0.44009224936588,0.345,0.27,0
"B2M",0,-0.664081259632183,0.451,0.527,0
"SORD",0,0.415706944676153,0.131,0.055,0
"GATM",0,1.3998381821141,0.268,0.134,0
"SEMA6D",0,0.290209597502607,0.118,0.067,0
"SLC12A1",0,1.34827962444176,0.336,0.167,0
"SLC27A2",0,0.382100602614549,0.187,0.107,0
"TCF12",0,-0.394775945257104,0.374,0.434,0
"CGNL1",0,0.501581025438328,0.448,0.331,0
"MYO1E",0,-0.53290780059104,0.259,0.327,0
"ANXA2",0,-0.660112916545788,0.148,0.24,0
"TLN2",0,0.25455076903394,0.287,0.223,0
"RPS27L",0,0.35597541260257,0.271,0.187,0
"CA12",0,0.370936773802605,0.421,0.304,0
"DENND4A",0,-0.30253644656157,0.204,0.252,0
"SMAD3",0,-0.563488846513388,0.23,0.285,0
"PEAK1",0,-0.345443047355013,0.157,0.202,0
"CTSH",0,0.292460994336794,0.245,0.169,0
"AKAP13",0,-0.626819118616497,0.406,0.483,0
"IQGAP1",0,-0.372566725475573,0.23,0.285,0
"SLCO3A1",0,-0.588505692763227,0.131,0.199,0
"MCTP2",0,-0.323642726502041,0.055,0.102,0
"ADAMTS17",0,0.543088647763627,0.122,0.062,0
"RAB11FIP3",0,0.570217014710131,0.464,0.333,0
"PIGQ",0,0.381927570081066,0.108,0.062,0
"FAM195A",0,0.27111839236956,0.113,0.056,0
"SRRM2",0,0.350673515272097,0.527,0.469,0
"DNASE1",0,0.307432616539769,0.162,0.12,0
"ABAT",0,0.346229481824906,0.161,0.091,0
"ABCC1",0,-0.299566169384341,0.103,0.152,0
"UMOD",0,1.31429529027989,0.254,0.085,0
"IL4R",0,-0.3831519447397,0.068,0.123,0
"QPRT",0,0.438532277680876,0.134,0.057,0
"CORO1A",0,-0.62619549496655,0.066,0.145,0
"SLC5A2",0,0.317706898582256,0.103,0.054,0
"MT2A",0,0.505571338634587,0.317,0.242,0
"MT1E",0,0.49115272064574,0.191,0.108,0
"MT1F",0,0.60794192610812,0.154,0.07,0
"MT1G",0,1.66803556004925,0.261,0.12,0
"MT1H",0,1.00716953304193,0.161,0.067,0
"MT1X",0,0.478733337596785,0.206,0.122,0
"SLC12A3",0,1.38737569601116,0.257,0.128,0
"KIFC3",0,0.29267810140341,0.289,0.22,0
"CDH16",0,0.386496507667415,0.203,0.124,0
"CBFB",0,-0.260820935612023,0.137,0.183,0
"HSD11B2",0,0.516605854569316,0.236,0.146,0
"MAF",0,0.519820495711299,0.221,0.122,0
"GCSH",0,0.404743772907485,0.141,0.067,0
"CYBA",0,-0.579686956272659,0.226,0.273,0
"DPEP1",0,0.560782635624237,0.189,0.094,0
"NXN",0,-0.368864971138613,0.065,0.106,0
"SLC43A2",0,0.35114372806591,0.245,0.164,0
"SERPINF2",0,0.356321083954198,0.114,0.055,0
"CLUH",0,0.339297682483977,0.132,0.082,0
"ASPA",0,0.332138921801333,0.166,0.105,0
"SAT2",0,0.446279034397177,0.211,0.112,0
"SHMT1",0,0.386462582447068,0.213,0.129,0
"SLC5A10",0,0.327097715583039,0.117,0.065,0
"ALDH3A2",0,0.456825004220944,0.192,0.099,0
"MTRNR2L1",0,0.550894884295728,0.121,0.059,0
"MYO1D",0,-0.671065760409503,0.163,0.266,0
"CCL5",0,-0.673652892636285,0.067,0.127,0
"LHX1",0,0.287952372827187,0.106,0.071,0
"IGFBP4",0,0.284873116872637,0.166,0.1,0
"STAT3",0,-0.382837042925597,0.303,0.357,0
"WNK4",0,0.60988310405923,0.141,0.068,0
"LINC00671",0,0.498548228917575,0.227,0.124,0
"TMEM101",0,0.451077725560712,0.15,0.091,0
"NFE2L1",0,0.334354511037029,0.217,0.136,0
"ITGA3",0,-0.603230293048662,0.094,0.149,0
"ACSF2",0,0.510369866322813,0.27,0.156,0
"ABCC3",0,-0.482630554740524,0.063,0.121,0
"VMP1",0,-0.699614936705411,0.32,0.44,0
"TANC2",0,-0.413619796782832,0.19,0.242,0
"CEP112",0,-0.312018812262545,0.172,0.228,0
"KCNJ16",0,0.379200700297126,0.393,0.292,0
"ATP5H",0,0.253610484811157,0.221,0.142,0
"SEPT9",0,-0.542554598047043,0.253,0.315,0
"AFMID",0,0.462182586592259,0.221,0.134,0
"RNF213",0,-0.294565857189018,0.349,0.398,0
"DCXR",0,0.605280879040512,0.198,0.097,0
"SMCHD1",0,-0.415840519117176,0.248,0.309,0
"EPB41L3",0,0.278540754082154,0.295,0.225,0
"PPP4R1",0,-0.290256304616917,0.104,0.148,0
"RAB31",0,-0.4170991905725,0.068,0.112,0
"IMPA2",0,0.310034510513315,0.228,0.142,0
"LDLRAD4",0,-0.971241252543799,0.162,0.284,0
"ATP5A1",0,0.280275334811838,0.301,0.206,0
"KATNAL2",0,0.265596136687919,0.127,0.081,0
"ACAA2",0,0.405786898007334,0.152,0.082,0
"TCF4",0,-0.576623318885719,0.132,0.173,0
"NEDD4L",0,0.26440917178178,0.452,0.384,0
"CYB5A",0,0.842798579251437,0.363,0.219,0
"PLCB1",0,-0.662054313583003,0.242,0.287,0
"PLCB4",0,-0.449888959731174,0.123,0.169,0
"DSTN",0,0.367129063135275,0.334,0.254,0
"DYNLRB1",0,0.293882312490196,0.221,0.138,0
"ROMO1",0,0.282016895659379,0.163,0.091,0
"SAMHD1",0,-0.399698425320807,0.062,0.113,0
"SGK2",0,0.330557929733779,0.202,0.131,0
"STK4",0,-0.441374580583314,0.127,0.192,0
"SLC13A3",0,0.319984593734345,0.3,0.204,0
"B4GALT5",0,-0.434326481657833,0.148,0.204,0
"PTPN1",0,-0.497055644319015,0.162,0.224,0
"TSHZ2",0,-0.945379254368226,0.043,0.112,0
"PCK1",0,1.00407998758819,0.31,0.137,0
"SLC2A4RG",0,0.258271404077619,0.145,0.091,0
"GPX4",0,0.383532082923885,0.293,0.201,0
"ATP5D",0,0.298502314471176,0.267,0.175,0
"GADD45B",0,0.347919698468498,0.234,0.181,0
"C19orf77",0,0.711060181683105,0.169,0.076,0
"PLIN5",0,0.467122536718232,0.142,0.075,0
"SAFB2",0,0.289736647407039,0.287,0.23,0
"RFX2",0,-0.77550444164593,0.072,0.135,0
"INSR",0,0.286898052204752,0.461,0.378,0
"ZNF69",0,0.350937322412418,0.185,0.139,0
"PRDX2",0,0.293012906015848,0.208,0.121,0
"NDUFB7",0,0.255808689646894,0.22,0.136,0
"CYP4F3",0,0.277823986578626,0.122,0.068,0
"MYO9B",0,-0.317002738163416,0.114,0.162,0
"GDF15",0,0.437028389544163,0.128,0.084,0
"NDUFA13",0,0.348756281713185,0.189,0.116,0
"PEPD",0,0.557288652946677,0.259,0.158,0
"HPN",0,0.351641787939525,0.317,0.218,0
"FXYD5",0,-0.433782104392555,0.079,0.125,0
"PRODH2",0,0.998113114871146,0.247,0.107,0
"HCST",0,-0.45721713839761,0.072,0.123,0
"GMFG",0,-0.462902426004652,0.091,0.143,0
"APOE",0,1.11792306171505,0.277,0.138,0
"FTL",0,0.708821432445279,0.483,0.414,0
"CD37",0,-0.608167985379441,0.065,0.139,0
"ETFB",0,0.4719934797947,0.194,0.096,0
"NKG7",0,-0.622158057571096,0.067,0.121,0
"ISOC2",0,0.323204936603766,0.108,0.042,0
"LL22NC03-2H8.5",0,0.462240016084415,0.186,0.142,0
"CHCHD10",0,0.369818711626252,0.24,0.143,0
"DDT",0,0.438550129834908,0.197,0.105,0
"GSTT1",0,0.277071678987887,0.103,0.05,0
"TTC28",0,-0.385393938384277,0.323,0.377,0
"MYH9",0,-0.391213579845843,0.269,0.321,0
"TST",0,0.413317131736126,0.102,0.03,0
"LGALS2",0,0.476796963558466,0.13,0.057,0
"DDX17",0,0.256616834081733,0.59,0.531,0
"MKL1",0,-0.297097075344912,0.22,0.271,0
"ST13",0,0.466920512326915,0.29,0.198,0
"PPARA",0,0.463208050739952,0.336,0.238,0
"MIOX",0,1.34878968613412,0.34,0.15,0
"ATP5J",0,0.380621931564722,0.275,0.176,0
"SOD1",0,0.423748874707997,0.296,0.203,0
"EVA1C",0,-0.472466469577148,0.092,0.151,0
"IFNAR2",0,-0.345760936283297,0.063,0.115,0
"KCNJ15",0,0.642046331159948,0.356,0.226,0
"TMPRSS2",0,0.358304099180272,0.153,0.094,0
"C21orf33",0,0.324629782794021,0.161,0.083,0
"PFKL",0,0.320850735332886,0.204,0.141,0
"COL6A1",0,0.376628854724596,0.152,0.1,0
"FTCD",0,0.816078731481898,0.244,0.13,0
"MT-ND1",0,1.40273710202747,0.46,0.384,0
"MT-ND2",0,1.45512069560417,0.47,0.4,0
"MT-CO1",0,1.18078804880598,0.529,0.467,0
"MT-CO2",0,1.37492150596553,0.46,0.399,0
"MT-ATP8",0,1.196256303165,0.32,0.173,0
"MT-ATP6",0,2.18331675791402,0.445,0.376,0
"MT-CO3",0,1.66501015044425,0.458,0.384,0
"MT-ND3",0,1.94439541232889,0.425,0.352,0
"MT-ND4L",0,1.4707891965071,0.404,0.252,0
"MT-ND4",0,1.18998972574557,0.473,0.416,0
"MT-ND5",0,1.65233583470454,0.481,0.39,0
"MT-ND6",0,1.09674788601291,0.299,0.15,0
"MT-CYB",0,1.70766140140434,0.447,0.376,0
"AC011043.1",0,-0.326624799216808,0.119,0.172,0
"FAM151A",0,0.515834676195913,0.105,0.03,0
"KIRREL",0,-0.309718781369439,0.063,0.105,0
"KIF26B",0,-0.487935508283358,0.095,0.159,0
"KLHL29",0,-0.440519140781616,0.068,0.126,0
"FABP1",0,1.09074069158416,0.156,0.043,0
"ROBO2",0,-0.545065894271222,0.074,0.125,0
"MME",0,0.675026493099086,0.321,0.184,0
"EBF1",0,-0.751419072154924,0.073,0.119,0
"GSTA1",0,1.42339726454203,0.178,0.044,0
"PLG",0,0.736824780070265,0.256,0.115,0
"SDK1",0,-0.757973939253783,0.24,0.335,0
"RAPGEF5",0,-0.539056119489861,0.079,0.132,0
"TMEM178B",0,-0.509631604520267,0.094,0.148,0
"SLC16A9",0,0.665071258310463,0.337,0.19,0
"ABCC2",0,0.291011517439238,0.138,0.088,0
"GLYAT",0,0.646211729775094,0.286,0.154,0
"CACNA1C",0,-0.704201190888035,0.069,0.122,0
"RP11-16D22.2",0,0.391957384596252,0.122,0.073,0
"NPAS3",0,-0.294846503024178,0.12,0.164,0
"RP11-368L12.1",0,0.389919101413301,0.241,0.171,0
"DTNA",0,-0.454088383555969,0.051,0.104,0
"AFM",0,0.627924425478513,0.198,0.102,0
"CDH6",0,-0.619796344363017,0.125,0.175,0
"SUGCT",0,0.262549082417322,0.281,0.226,0
"DDC",0,0.775434850961358,0.219,0.081,0
"SLC22A6",0,0.699438650615858,0.251,0.119,0
"PAH",0,0.789462183165078,0.323,0.176,0
"RP11-798K3.2",0,0.387221398672987,0.126,0.065,0
"SLC28A1",0,0.429985011494409,0.22,0.148,0
"G6PC",0,0.566310935606943,0.146,0.055,0
"FUT6",0,0.288582632994812,0.109,0.055,0
"SLC36A2",0,0.267723322870776,0.141,0.086,0
"DLGAP1",0,-1.11414835602501,0.085,0.2,0
"HECW1",0,0.255728495154425,0.131,0.092,0
"RP11-208K4.1",0,0.725878906460763,0.103,0.028,0
"NRG3",0,-0.670901181792137,0.11,0.199,0
"LINC00970",0,0.472478571348377,0.16,0.093,0
"AC007319.1",0,-0.500812133192754,0.077,0.136,0
"AC105402.4",0,-1.52376455272899,0.001,0.106,0
"AC012593.1",0,-0.72598778360074,0.135,0.23,0
"RP11-457K10.1",0,0.749649373664368,0.106,0.037,0
"CDKAL1",1.17995470412503e-307,-0.275288371024663,0.287,0.339,3.67225503017791e-303
"NFE2L2",9.00541888695163e-307,0.328311599906874,0.447,0.387,2.80266646599709e-302
"PLXNB1",4.68706431048831e-306,0.33204686440868,0.166,0.126,1.45870815471017e-301
"RASAL2",4.68738824051193e-306,-0.383196540616948,0.24,0.286,1.45880896821212e-301
"PPP3CC",2.53855833227183e-305,-0.250025128268446,0.133,0.176,7.90050124169638e-301
"RAD51B",4.63579083440923e-305,-0.310071580332079,0.277,0.329,1.44275082348484e-300
"NEGR1",1.00342252030997e-304,-0.599180460954634,0.068,0.101,3.12285156770868e-300
"USP3",2.55553506733272e-303,-0.277689267081497,0.188,0.235,7.95333623655289e-299
"REV3L",1.07831924046139e-302,-0.314319491762283,0.232,0.28,3.35594514016394e-298
"RAB8B",1.46243787092552e-302,-0.285431166672698,0.097,0.135,4.55139914189441e-298
"RNASET2",2.67712300753875e-302,-0.337085833634334,0.072,0.105,8.33174222406209e-298
"CPEB2",4.19456257557431e-302,-0.284975758819192,0.135,0.178,1.30543176477024e-297
"AGO2",1.12634001949939e-299,-0.264585797654017,0.106,0.145,3.50539540868601e-295
"LINC00969",2.19090840836659e-299,0.387969723608771,0.4,0.362,6.8185451485185e-295
"MAML3",5.78377033603651e-299,-0.348801056557095,0.219,0.265,1.80002500398128e-294
"IL1R1",7.5663492208885e-299,-0.364207469522041,0.075,0.109,2.35479920452492e-294
"MBP",2.10628671255106e-297,-0.331280526140943,0.174,0.217,6.5551855068014e-293
"CCM2",1.46627821829277e-296,-0.257472369354058,0.102,0.14,4.56335107097076e-292
"CASK",7.99813034410878e-295,-0.332336369583941,0.161,0.205,2.48917812569353e-290
"ARID1B",2.01186260744624e-294,-0.255258625064056,0.402,0.451,6.26131880689418e-290
"HLA-DPA1",2.49565389902065e-294,-0.350170706681764,0.122,0.163,7.76697406453206e-290
"TGFBR1",5.49989633775332e-294,-0.263859219531151,0.082,0.117,1.71167773823559e-289
"CD81",1.05990760620701e-293,0.27565870542829,0.167,0.127,3.29864445203745e-289
"SVIL",2.26856450458649e-293,-0.485906594824967,0.276,0.322,7.06022645117409e-289
"CCL4",3.08276335433784e-292,-0.543746551983625,0.078,0.114,9.59417611137023e-288
"KMT2E",5.69859434578845e-291,-0.263711276951669,0.34,0.386,1.77351653229628e-286
"ADAMTS9",1.47951313322452e-288,-0.542034587004714,0.184,0.228,4.60454077322136e-284
"PIK3C2G",2.64392541222448e-288,0.271021178809679,0.178,0.135,8.22842466792502e-284
"TYROBP",4.00399422978143e-288,-0.525652454644469,0.077,0.112,1.24612308419258e-283
"VPS13B",1.00029543240053e-287,-0.258133637086707,0.305,0.355,3.11311944471693e-283
"RPS2",2.69252058146679e-285,-0.821459792339145,0.393,0.396,8.37966255364096e-281
"FOXN3",6.32737889432496e-284,-0.407944954389482,0.267,0.311,1.96920685949181e-279
"FBXL7",1.69377888533364e-283,-0.399679477898598,0.097,0.134,5.27137864693536e-279
"ALPK2",3.98745182465429e-283,0.285058295379361,0.139,0.102,1.24097475686891e-278
"ADK",1.61489928218639e-282,-0.30617480238617,0.321,0.366,5.02588954602049e-278
"BCL2",1.11219001354801e-281,-0.368227151534216,0.282,0.329,3.46135776016411e-277
"TMSB10",2.37239255893271e-281,-0.572447886956866,0.346,0.374,7.38336012191037e-277
"WDR60",2.98644153466014e-281,0.308819381505225,0.341,0.292,9.29440334416929e-277
"PFKFB3",4.84293744958284e-281,-0.282167935336498,0.106,0.144,1.50721899305917e-276
"MAL",1.02238856620295e-280,0.259889545450715,0.201,0.157,3.18187769573683e-276
"PICALM",1.23859890912483e-280,-0.343053494872201,0.394,0.429,3.8547675249783e-276
"SSH2",3.62915485881651e-279,-0.344906710143237,0.331,0.375,1.12946557516087e-274
"ENOX1",9.27566611343259e-279,0.328973995628487,0.158,0.118,2.88677280782249e-274
"GSK3B",9.52389565428214e-279,-0.27342540511503,0.243,0.289,2.96402680552569e-274
"DCDC2",1.5836594237652e-277,-0.461322513586217,0.282,0.325,4.92866485864206e-273
"EPB41L2",2.78166654415275e-277,-0.313944195779222,0.104,0.141,8.6571026187122e-273
"KLRD1",5.5297046749313e-277,-0.353298107517735,0.086,0.122,1.72095468893212e-272
"SNORA76",1.2444244507853e-276,0.535927566587528,0.179,0.141,3.87289777573401e-272
"SCNN1A",4.2571654607401e-276,0.261678777104947,0.216,0.172,1.32491503469153e-271
"PDE3B",6.58053254995338e-276,-0.44072756309405,0.099,0.136,2.04799334019649e-271
"NABP1",3.87248270948605e-275,-0.271137092284996,0.084,0.119,1.20519406884625e-270
"EHMT1",1.41231897512924e-272,-0.253545016038595,0.25,0.298,4.39541911439721e-268
"ZCCHC7",1.41456732801251e-272,-0.279137253010582,0.287,0.335,4.40241643824053e-268
"SHANK3",2.12296779868865e-272,0.25321323559673,0.113,0.079,6.60710038307881e-268
"RP11-66B24.5",6.908654338331e-272,0.29726322378638,0.143,0.106,2.15011140317537e-267
"PACS1",4.14785564689012e-271,-0.31693204360759,0.236,0.281,1.29089563442514e-266
"KLF7",2.85830840423233e-270,-0.278162008610019,0.129,0.169,8.89562741565186e-266
"SYNE2",9.66716034789639e-270,0.48354179104627,0.629,0.596,3.00861364347231e-265
"DENND4C",1.38442076581187e-268,-0.291906457154064,0.211,0.255,4.3085943073597e-264
"RP5-1043L13.1",1.98441376094362e-268,0.268293189526456,0.106,0.074,6.17589250680872e-264
"PHACTR2",2.29275533160433e-267,-0.320193281391715,0.177,0.218,7.13551314301899e-263
"PTBP3",3.06271055859154e-267,-0.26628274400835,0.232,0.276,9.53176780044858e-263
"ABR",5.59996611265474e-267,-0.271706224673986,0.109,0.147,1.74282145358041e-262
"FOXO1",8.88310947714427e-267,-0.350856526951047,0.294,0.338,2.76460133147684e-262
"BRAF",1.2297395107141e-266,-0.264082839518975,0.281,0.327,3.82719530524444e-262
"JUND",1.03195570310817e-265,0.270722195653643,0.272,0.221,3.21165253921323e-261
"SLIT3",5.05244835043583e-265,-0.54747707155202,0.074,0.105,1.57242297562264e-260
"SH3KBP1",9.42226847682884e-265,-0.292753099585992,0.107,0.144,2.93239839535867e-260
"CD55",1.50957707646048e-264,-0.270928977223359,0.087,0.121,4.6981057773603e-260
"KDM4C",6.31592887896778e-264,-0.253706822198687,0.242,0.29,1.96564338571235e-259
"D2HGDH",1.06986521361067e-263,0.266600535652575,0.155,0.117,3.32963451779911e-259
"SLC2A3",2.51733950752469e-263,-0.330895810040062,0.082,0.115,7.83446401531836e-259
"CCDC91",3.12005474227385e-263,-0.287515984857446,0.234,0.277,9.71023436890467e-259
"SELO",5.48903049787076e-263,0.250730509807124,0.139,0.103,1.70829607154734e-258
"SGMS1",8.64089912669812e-263,-0.31255315353299,0.202,0.244,2.68922062621099e-258
"TBC1D8",2.75854505621057e-262,-0.287092625410165,0.18,0.222,8.58514392393855e-258
"ZMAT1",8.58611614419925e-262,0.299602311154235,0.248,0.204,2.67217106639769e-257
"ATP8B1",2.40932915637523e-261,-0.346569760248006,0.113,0.15,7.49831420047098e-257
"RASA1",8.35865518727301e-261,-0.276941711467987,0.16,0.201,2.6013806673831e-256
"TBC1D22A",9.33155829197387e-261,-0.283163609859903,0.277,0.323,2.90416757162811e-256
"PELI1",2.2713841316325e-260,-0.299562378858501,0.09,0.123,7.06900169446668e-256
"ESYT2",4.16818346001614e-260,-0.282630696831908,0.221,0.264,1.29722205642622e-255
"DENND5A",5.99299615396036e-260,-0.258576018879362,0.127,0.166,1.86514026303554e-255
"CALB1",1.40397580480674e-259,0.318134944298427,0.126,0.091,4.36945349971955e-255
"PDLIM1",2.09200013660516e-259,-0.365277410156525,0.07,0.101,6.51072282514258e-255
"MSN",1.12252198741747e-258,-0.303794237193091,0.207,0.249,3.49351292924066e-254
"EMP3",1.48849887740741e-258,-0.385136855107115,0.118,0.154,4.63250620626734e-254
"CDYL",4.84587563308181e-255,-0.253560451951216,0.141,0.18,1.50813341452772e-250
"PALLD",8.10920040938833e-254,-0.415807377099724,0.151,0.191,2.52374535140984e-249
"PFN1",9.96607165904596e-253,-0.631630339643325,0.28,0.307,3.10164082172828e-248
"DOCK9",1.39744823177462e-252,-0.397331917340362,0.145,0.183,4.34913838692899e-248
"TENM3",3.03264000575685e-252,-0.381333754907178,0.072,0.103,9.43818222591647e-248
"SUPT3H",3.33978446241139e-251,-0.250244583078747,0.201,0.245,1.03940772039167e-246
"SULF2",1.32232142675695e-250,-0.325074970514741,0.107,0.142,4.11532874435299e-246
"FBXO11",1.40684759593632e-249,-0.274072072870102,0.229,0.27,4.37839108807303e-245
"CCDC30",4.14213364954393e-249,0.267902089716625,0.232,0.19,1.28911483441106e-244
"H3F3B",1.21420042893449e-248,-0.507944396417157,0.343,0.376,3.77883457492991e-244
"KIAA0922",2.83889571808278e-248,-0.311992356162956,0.077,0.109,8.83521125381723e-244
"MFHAS1",8.44949599209245e-248,-0.365486019627098,0.211,0.252,2.62965214265901e-243
"AC073218.2",6.83712558531708e-247,-0.44233322708192,0.252,0.292,2.12785022466238e-242
"GATAD2A",1.51410771237388e-245,-0.277806972586501,0.171,0.211,4.71220602244998e-241
"BHLHE40",4.08560513601134e-245,0.255212383529618,0.175,0.136,1.27152203042945e-240
"ARHGAP10",4.27800148909953e-243,-0.372101680032819,0.16,0.199,1.33139962343756e-238
"CAPZB",1.05985153886093e-242,-0.31400083236532,0.302,0.337,3.29846995924299e-238
"TLE4",8.54686600270067e-239,-0.259106481605357,0.127,0.163,2.6599556373605e-234
"LARGE",1.12783030394537e-236,-0.289386930038436,0.228,0.271,3.51003347193877e-232
"TBL1XR1",1.84481582607254e-236,-0.281144920123762,0.287,0.327,5.74143581390294e-232
"UBR1",1.0161623338781e-235,-0.254193160277302,0.164,0.203,3.16250041549541e-231
"CLEC2B",7.67792288069016e-235,-0.29112647381542,0.071,0.1,2.38952315892839e-230
"RUNX1",6.36894505799748e-234,-0.290556685579545,0.128,0.166,1.98214308094998e-229
"ARHGAP42",5.11065828350165e-233,-0.287465266278448,0.122,0.158,1.59053907099138e-228
"ATP2B1",7.87562558256151e-233,-0.291355633317741,0.164,0.201,2.45105219380479e-228
"AKAP9",1.84847057442628e-232,0.250462722121191,0.517,0.473,5.75281012172948e-228
"SP110",2.68367403967167e-232,-0.260204825097819,0.084,0.115,8.35213034626617e-228
"MKLN1",6.00369643396219e-232,-0.291670094644576,0.318,0.356,1.86847040417771e-227
"DIP2B",1.65379825699967e-231,-0.261862864771753,0.228,0.271,5.14695093543436e-227
"MAX",1.9346872289812e-231,-0.255143098333802,0.109,0.143,6.02113359403529e-227
"STRN3",1.93924931508827e-231,-0.268873908829189,0.244,0.285,6.03533171841772e-227
"MDFIC",2.02741799633934e-230,-0.264733966946486,0.09,0.122,6.30973028820731e-226
"TGFBR2",2.2107656698642e-228,-0.267339816304911,0.207,0.247,6.88034491775136e-224
"SSBP2",1.20086423330585e-227,-0.300139826558874,0.19,0.23,3.73732966689447e-223
"REL",1.26263332077217e-227,-0.251000487632347,0.129,0.164,3.92956742090715e-223
"PFKP",2.10632565565946e-226,-0.275194384529017,0.12,0.156,6.55530670554337e-222
"UPP1",6.17842631373655e-226,-0.275775587647619,0.074,0.104,1.92284983736109e-221
"JUNB",9.52059160599214e-226,-0.730657465324486,0.236,0.267,2.96299851961687e-221
"NFAT5",1.18201010213911e-225,-0.330216714352541,0.399,0.431,3.67865183987733e-221
"GALNT2",1.32469794122284e-225,-0.273455536059185,0.114,0.148,4.12272493267372e-221
"BMP2K",1.35565111279867e-225,-0.285762683942218,0.116,0.15,4.21905739325201e-221
"TMEM165",9.11642260712539e-224,-0.268637309921973,0.179,0.215,2.83721304378956e-219
"JUN",4.06201971649655e-223,-0.280998105796972,0.283,0.328,1.26418177616806e-218
"NCKAP5",1.69685334755615e-222,0.259974111852254,0.291,0.247,5.28094698826425e-218
"AUTS2",2.43304744691838e-219,-0.402426591330084,0.248,0.286,7.5721302642994e-215
"NAMPT",2.46032581551637e-219,-0.322388720544062,0.118,0.151,7.65702600305004e-215
"PSMB9",2.54636446405745e-219,-0.326460726824638,0.089,0.119,7.92479548503959e-215
"AGFG1",5.71206123876397e-219,-0.264904595421335,0.168,0.205,1.77770769872812e-214
"FRYL",8.30188154844002e-219,-0.256201145266445,0.247,0.288,2.5837115755055e-214
"UBE2E1",7.76930067891069e-218,-0.272467574702173,0.174,0.21,2.41796175729058e-213
"NCOA3",2.41107358747702e-217,-0.271367217072271,0.198,0.237,7.50374321894597e-213
"LRRC16A",3.16695114443879e-217,-0.300204106833299,0.226,0.265,9.85618535172239e-213
"TEAD1",8.74982429930922e-215,-0.343159697047373,0.303,0.338,2.72312031843102e-210
"DMD",2.05823790105104e-214,-0.489035496330854,0.083,0.113,6.40564799565106e-210
"SIPA1L1",3.51073349506271e-214,-0.28838634802944,0.29,0.328,1.09261047833342e-209
"PER1",4.11852685171224e-214,0.30110009245415,0.186,0.15,1.28176792678988e-209
"LIMS1",5.27983972198687e-214,-0.273857069134918,0.255,0.295,1.64319171827675e-209
"RNF144B",7.23797183609415e-213,-0.378923753669027,0.096,0.126,2.25260159482922e-208
"FIGN",5.80362635134226e-212,-0.268574552980982,0.078,0.107,1.80620459306474e-207
"CD99",6.54050062910047e-212,-0.319838460830749,0.156,0.19,2.03553460578865e-207
"NRP1",2.00617423493295e-211,-0.366433468993354,0.233,0.271,6.24361545395834e-207
"SLMAP",5.76708371728786e-211,-0.274876935990925,0.231,0.27,1.79483179449433e-206
"ATG7",9.82272304579821e-208,-0.274252364901783,0.197,0.236,3.05702786631332e-203
"SYTL2",1.9628106892538e-207,-0.310849072137419,0.152,0.187,6.10865942709567e-203
"ABI3BP",7.63378700145741e-206,-0.301082039002919,0.079,0.107,2.37578719059358e-201
"RAPGEF3",1.50983488787808e-205,0.331922681160158,0.145,0.114,4.69890813805415e-201
"LYST",4.58735248218321e-205,-0.263762349906039,0.168,0.204,1.42767583950506e-200
"TJP2",6.7454461869262e-205,-0.423733552761476,0.207,0.242,2.09931776229517e-200
"WASH4P",3.2237090087646e-204,0.369915288419749,0.182,0.148,1.00328271770772e-199
"PABPC1",2.40990252077503e-203,-0.406502554625361,0.313,0.339,7.50009862515606e-199
"CCNL2",2.61259813663495e-203,0.339980444184098,0.268,0.233,8.13092792083529e-199
"RPL31",1.51837913956855e-202,-0.593711139996884,0.394,0.402,4.72549955816524e-198
"FAM65C",1.22100419861698e-200,-0.265979863399477,0.072,0.1,3.80000926693576e-196
"RERG",6.84731549958347e-200,-0.390277176574733,0.168,0.202,2.13102152978037e-195
"MCL1",1.28993045328251e-199,-0.262442262089419,0.179,0.215,4.01452155670583e-195
"TOX",5.3497921600789e-198,-0.359370533198347,0.159,0.193,1.66496231605975e-193
"DDX5",1.05489591575188e-197,-0.275406150596401,0.538,0.563,3.283047069003e-193
"PARP4",6.87775828719774e-197,-0.252719527090079,0.143,0.177,2.14049593414168e-192
"MEF2A",2.71160977570305e-194,-0.304289438449426,0.317,0.348,8.43907194394303e-190
"RALY",2.55951231704944e-192,-0.255856370986019,0.141,0.173,7.96571423312126e-188
"RPS3",4.44485217917572e-189,-0.624597472974145,0.381,0.383,1.38332689520307e-184
"TANC1",2.73810931604447e-188,-0.328508669114574,0.214,0.249,8.52154381339361e-184
"SEMA5A",2.9254409593853e-188,-0.34744246519908,0.161,0.194,9.10455735379892e-184
"SEPT7",3.27872921123161e-188,-0.288935818759639,0.257,0.291,1.0204061051195e-183
"GLIS3",2.18324428608677e-186,-0.252293530453325,0.404,0.438,6.79469286715925e-182
"ATP13A3",4.42443163382817e-184,-0.271466610368592,0.152,0.184,1.37697161308e-179
"DOCK4",4.4741129399403e-181,-0.464759581188695,0.214,0.247,1.39243342916822e-176
"SRGAP1",4.66075307631109e-181,-0.280623580062121,0.168,0.201,1.45051957240954e-176
"CMSS1",1.25786890139614e-180,-0.270946990771055,0.138,0.169,3.91473959492508e-176
"UVRAG",3.20366244785047e-180,-0.252025901156066,0.209,0.244,9.97043827020023e-176
"EPS8",6.09344842361314e-176,-0.380797890932011,0.258,0.288,1.89640301839688e-171
"C9orf3",8.12875397578874e-176,-0.303318275890244,0.381,0.413,2.52983081234497e-171
"DNAJB1",1.15328540070703e-174,-0.734290487042853,0.216,0.242,3.58925482408043e-170
"RPS19",2.68795736740751e-174,-0.753624862733337,0.403,0.393,8.36546091884564e-170
"DIAPH1",5.05285735062777e-170,-0.262625793888039,0.227,0.261,1.57255026466238e-165
"PARD3",9.19024779923844e-170,-0.285829479957254,0.446,0.477,2.86018892007899e-165
"RPL13A",1.98608489917995e-168,-0.663438952536489,0.452,0.444,6.18109342322783e-164
"BMPR2",4.25496685353743e-168,-0.306859084503139,0.274,0.307,1.32423078415792e-163
"SIK2",7.20966917865402e-167,-0.252976588199426,0.297,0.331,2.2437932417807e-162
"GNB1",1.08338319074534e-164,-0.266897573705145,0.304,0.334,3.37170516623763e-160
"SNX29",2.22595484642372e-164,0.250396266731469,0.485,0.459,6.92761667303991e-160
"ARHGEF3",7.96494767837713e-164,-0.253169368901711,0.24,0.274,2.47885101646453e-159
"PPP1R15A",1.78867341446568e-163,-0.279603669287425,0.135,0.165,5.5667094005001e-159
"EGFR",9.25004457064358e-160,-0.360597380864691,0.197,0.229,2.8787988712757e-155
"RALGAPA2",2.54759185628286e-159,-0.344257742524077,0.245,0.277,7.92861537512351e-155
"NHS",6.55994791616059e-159,-0.346286758035572,0.353,0.385,2.0415869904675e-154
"MYO5B",1.30127469696801e-158,-0.45561177319048,0.141,0.17,4.04982711190385e-154
"ZBTB16",7.60712114624982e-158,-0.261304625483016,0.356,0.39,2.36748824313587e-153
"PKD2",2.37912485046417e-156,-0.287039737609322,0.194,0.225,7.40431235961459e-152
"RPLP2",1.2337658875002e-155,-0.634761433691843,0.405,0.402,3.83972619507814e-151
"FAM155A",8.79372018441557e-154,-0.318705741534317,0.106,0.134,2.73678159579381e-149
"EXOC6",4.19381771458601e-151,-0.255235452147929,0.117,0.144,1.30519994913346e-146
"PTEN",1.4905469849226e-149,-0.333161948257781,0.22,0.249,4.63888032647611e-145
"DST",1.29499423378563e-146,-0.366911393367147,0.35,0.377,4.03028105438764e-142
"TSC22D3",8.13626058525694e-146,-0.493424488356332,0.277,0.299,2.53216701934366e-141
"SH3BGRL3",3.85969377437627e-144,-0.446888393242048,0.198,0.222,1.20121389646138e-139
"RPL23A",5.30267268546297e-142,-0.613994928916493,0.382,0.372,1.65029779316978e-137
"ST6GALNAC3",7.6494953177099e-142,-0.363751020838713,0.113,0.14,2.38067593277768e-137
"MAP4",2.03694454543102e-140,-0.255490336127785,0.361,0.387,6.33937881429043e-136
"ARFGAP3",6.42311481903722e-138,-0.250885535923158,0.121,0.146,1.99900179398076e-133
"GULP1",2.13844753077963e-136,-0.285718297648951,0.209,0.238,6.65527640529235e-132
"PITPNC1",2.61864316134463e-134,-0.396976301562015,0.275,0.305,8.14974124673676e-130
"FOXP2",5.37707648875711e-134,-0.381454861028426,0.116,0.141,1.67345374483099e-129
"TRPM7",7.69380291177984e-134,0.437926115027816,0.318,0.29,2.39446534220412e-129
"SFMBT2",1.84475977471298e-130,-0.293687261609284,0.118,0.143,5.74126137086173e-126
"INPP4B",5.93830863955397e-127,-0.369741199422453,0.155,0.182,1.84812041480199e-122
"ARSB",4.29304422982316e-126,0.323557767456893,0.154,0.128,1.33608122520556e-121
"LRRK2",3.28424222106064e-125,-0.253134825239707,0.183,0.21,1.02212186403849e-120
"SPEN",3.52798449265557e-125,0.283386702656044,0.281,0.251,1.09797933380427e-120
"RPL10",2.37569346310482e-124,-0.612217192935338,0.441,0.428,7.39363319587484e-120
"GLS",1.05766140123785e-122,-0.371747761604641,0.419,0.433,3.29165381293243e-118
"RPL41",4.2983463290448e-122,-0.468917740595002,0.468,0.464,1.33773134452532e-117
"TPM1",1.83896579806592e-121,-0.270970701924937,0.274,0.3,5.72322935674075e-117
"SASH1",6.85218658938107e-121,-0.316317079077324,0.263,0.288,2.13253751034718e-116
"ACTB",3.52066536780056e-119,-0.58382195370629,0.514,0.504,1.09570147576689e-114
"PPARG",4.49978427496379e-119,-0.292407698023938,0.149,0.175,1.40042286205423e-114
"THBS1",2.90462583385006e-118,-0.478558472626423,0.097,0.118,9.03977652010817e-114
"ZFAS1",3.17577143342206e-118,-0.350603518731281,0.162,0.184,9.88363585509613e-114
"UTRN",1.45499912672888e-117,-0.296666295317651,0.362,0.386,4.52824828220563e-113
"CSGALNACT1",1.29942956145621e-116,-0.303882660595966,0.149,0.174,4.04408468116401e-112
"SOD2",2.09148256731817e-113,-0.261684296169603,0.258,0.282,6.5091120460076e-109
"LGALS1",8.78982033502947e-112,-0.438687546982904,0.129,0.151,2.73556788466787e-107
"LDB2",2.65373233490716e-111,-0.549670950385794,0.144,0.167,8.25894577269806e-107
"EIF4A1",6.16133393902365e-111,-0.285901876082082,0.259,0.281,1.91753034850294e-106
"MYL12A",1.9542657303078e-109,-0.384517617699391,0.257,0.277,6.08206580586395e-105
"PDE3A",7.94817917942321e-109,-0.291435354973931,0.104,0.125,2.47363232422009e-104
"TRABD2B",8.01053687690585e-109,-0.295248560197942,0.275,0.3,2.49303928683064e-104
"SKAP1",1.18506338224027e-106,-0.26860910285132,0.224,0.251,3.68815425820816e-102
"ANXA11",1.5149750004896e-106,-0.335558858121973,0.219,0.242,4.71490519652374e-102
"MYO15B",1.42525048392769e-103,0.364003883606813,0.209,0.186,4.43566455607975e-99
"ANKS1B",9.79292108757354e-103,0.271765574040212,0.193,0.167,3.04775290087464e-98
"GAREM",3.11199613282599e-102,-0.304240570926367,0.257,0.28,9.68515436458105e-98
"NAP1L1",1.19547535657081e-101,-0.288177632986045,0.245,0.266,3.72055840471966e-97
"DLC1",3.19497314725239e-100,-0.391313860813181,0.111,0.132,9.94339542887887e-96
"RBPMS",3.81365701757112e-100,-0.287236359013175,0.481,0.488,1.18688633700848e-95
"PTPRG",6.3199032520484e-100,-0.292443203497031,0.473,0.488,1.9668802901025e-95
"TUBA1B",1.28394680743872e-98,-0.29117373212035,0.136,0.156,3.99589925411078e-94
"COL4A2",8.45456301841151e-98,-0.511323881270697,0.253,0.273,2.63122910259003e-93
"PAX8",2.0552982430925e-96,-0.412157517105169,0.426,0.432,6.39649919215248e-92
"RPL7",5.65656314616207e-95,-0.603318820946716,0.398,0.381,1.76043558234856e-90
"RPL27A",7.10170544052885e-95,-0.538889202057223,0.398,0.386,2.21019276720139e-90
"RAB11A",7.66225954535088e-95,-0.280084816536031,0.163,0.184,2.3846484157041e-90
"RPL21",4.01322050409936e-94,-0.685875010922151,0.449,0.419,1.2489944852858e-89
"EZR",3.28808649944103e-92,-0.489472974680144,0.328,0.344,1.02331828035604e-87
"PARK2",5.3062817371723e-88,0.253801211078959,0.426,0.411,1.65142100224276e-83
"IGFBP5",8.13568559074412e-85,0.508789653549181,0.185,0.161,2.53198806955138e-80
"PPFIBP1",1.18521548860918e-80,-0.274153461366585,0.308,0.326,3.68862764364951e-76
"RPS15A",4.58700898447031e-80,-0.633197447014529,0.385,0.364,1.42756893614685e-75
"CYP3A5",8.03764518175e-76,0.53688767716037,0.139,0.12,2.50147593346423e-71
"FOXO3",1.44972401231297e-74,-0.277530272493753,0.283,0.301,4.51183107112044e-70
"SGMS2",3.6129390257905e-68,-0.313745481690832,0.092,0.107,1.12441888360652e-63
"HSPA8",8.10983427406846e-68,-0.273446588438509,0.325,0.278,2.52394262277559e-63
"RPL39",1.5665374267359e-66,-0.567298024790773,0.409,0.393,4.87537777948745e-62
"ARHGAP29",1.15844332019734e-61,-0.300820412812222,0.312,0.322,3.60530730111816e-57
"KCNQ1OT1",1.2473900228088e-61,0.309742121171713,0.371,0.354,3.88212722898556e-57
"MEF2C",1.39710833433427e-61,-0.28739207619461,0.14,0.155,4.34808055811512e-57
"NAV2",5.49967985713839e-60,-0.309641605449883,0.221,0.239,1.71161036513861e-55
"RPS29",3.07864064822697e-57,-0.653722815302976,0.41,0.392,9.58134542541198e-53
"PRKG1",1.4296344332061e-53,-0.316942229613616,0.308,0.327,4.44930828302403e-49
"SORBS1",2.32440301405012e-53,-0.480075369940581,0.142,0.157,7.23400706032678e-49
"RPL18A",1.76214253937682e-49,-0.597969126457313,0.387,0.358,5.48414001104854e-45
"RPS6",8.58057728422754e-47,-0.45868494614422,0.442,0.42,2.6704472623973e-42
"EEF1D",3.2474919794453e-44,-0.360522971112651,0.381,0.376,1.01068445384296e-39
"RPS18",1.3977896795691e-43,-0.545073535254806,0.434,0.4,4.35020104075496e-39
"IL32",4.74300636500873e-43,-0.320674095657762,0.155,0.167,1.47611844091802e-38
"RPL4",8.15754464845747e-40,-0.342397278584819,0.303,0.301,2.53879104549293e-35
"LENG8",1.20776711805369e-37,0.326043527135104,0.198,0.187,3.7588128248067e-33
"RPL3",4.89205536625548e-35,-0.47376432209,0.433,0.407,1.52250547108603e-30
"ARPC3",6.89539536568082e-35,-0.269655386517734,0.264,0.27,2.14598494570718e-30
"CRIM1",6.62812478334537e-31,-0.326832360523273,0.274,0.28,2.06280499507275e-26
"RPS14",3.546987915967e-28,-0.466990752489212,0.426,0.388,1.10389357920725e-23
"EIF1",1.85276480877927e-26,-0.353584281643375,0.4,0.386,5.76617463788283e-22
"RPS25",2.83264337276944e-26,-0.438091444566885,0.406,0.379,8.81575270473304e-22
"ACSM3",8.66670690211659e-26,-0.34286551724136,0.099,0.107,2.69725252207672e-21
"RPL15",1.11580041029599e-22,-0.405068439151511,0.401,0.374,3.47259403692317e-18
"CFL1",6.06542735446453e-22,-0.331920741300028,0.293,0.287,1.88768230125645e-17
"RPS27A",6.61992025175449e-22,-0.421992677880633,0.437,0.404,2.06025158075103e-17
"RPS27",8.65103477376275e-22,-0.801087580567343,0.449,0.4,2.69237504229044e-17
"RPL35A",8.99472868771922e-21,-0.405776496123099,0.398,0.371,2.79933946219198e-16
"RPL34",4.35956157931543e-20,-0.479700311881316,0.447,0.412,1.35678275471455e-15
"CMC1",2.41766407720127e-17,-0.300816227491356,0.175,0.181,7.5242541410658e-13
"RPL13",4.04474068005849e-16,-0.321631734900467,0.496,0.477,1.2588041944478e-11
"RPL27",4.86427965569597e-15,-0.357808071927254,0.337,0.319,1.5138611144457e-10
"YPEL5",7.42976346962226e-14,-0.30000174634714,0.143,0.147,2.31229098701584e-09
"RPL10A",1.31752230794163e-10,-0.334643516538609,0.362,0.341,4.10039292677594e-06
"CALD1",5.84026063131527e-10,-0.480821144518724,0.297,0.294,1.81760591367794e-05
"RPSA",7.94764744918418e-10,-0.288682692647114,0.286,0.277,2.4734668391351e-05
"RPL32",9.87871138352749e-08,-0.446355034413282,0.427,0.386,0.00307445255678142
"CLIC1",2.02411927798658e-07,-0.253835054132747,0.201,0.199,0.00629946401694984
"RPL11",7.87910390530237e-07,-0.307812257603757,0.431,0.402,0.024521347174082
"RPS13",8.8887050923504e-07,-0.343121017547293,0.389,0.361,0.0276634279884129
"RPS4X",1.42896311495475e-06,-0.328286008505925,0.399,0.37,0.0444721900636216
"RPL35",1.38786037911269e-05,-0.299557389058517,0.408,0.361,0.43192990718745
"RPS15",0.000143104559530649,-0.406772208943671,0.419,0.373,1
"TMTC1",0.00168168271593138,-0.301084755572389,0.122,0.123,1
"RPS9",0.0023710701596726,-0.27630450831182,0.402,0.378,1
"RPS20",0.00243877613329647,-0.265594959208442,0.374,0.339,1
"RPS3A",0.00339343561503507,-0.274338656306503,0.418,0.389,1
"PFDN5",0.00682070888738265,-0.305319881219432,0.354,0.333,1
"DNAJA1",0.0148684818529792,-0.288399871709908,0.237,0.223,1
"DEPTOR",0.0169590492012866,-0.294090193260502,0.238,0.23,1
"RPL36",0.0364962905892907,-0.327156915491026,0.404,0.373,1
"S100A11",0.0642181527309448,-0.253656501085562,0.219,0.215,1
"RPL28",0.326832638399208,-0.299262534182549,0.415,0.381,1
"RPS12",0.547451493986366,-0.303278065845686,0.429,0.391,1
"RPL12",0.558643165241148,-0.251946169206545,0.401,0.37,1
"RPS5",0.586212655730886,-0.286122014603593,0.334,0.309,1
"FAU",0.763915777056414,-0.284110763401564,0.379,0.344,1
