"gene","X","p_val","avg_log2FC","pct.1","pct.2","p_val_adj","cluster","diff.pct","HGNC.symbol"
"Ftl1-ps1",1,0,1.92596196956287,0.93,0.118,0,"UUO",0.812,"FTL"
"Guca2b",2,0,0.745828401156475,0.766,0.43,0,"UUO",0.336,"GUCA2B"
"Rpl36al",3,0,0.729102795773434,0.79,0.356,0,"UUO",0.434,"RPL36A"
"Ly6e",4,0,0.688640326548972,0.619,0.211,0,"UUO",0.408,"LY6E"
"Tmsb4x",5,0,0.683084397525767,0.536,0.227,0,"UUO",0.309,"TMSB4Y"
"B2m",6,0,0.645755165251468,0.684,0.33,0,"UUO",0.354,"B2M"
"Rpl29",8,0,0.597713723333333,0.86,0.487,0,"UUO",0.373,"RPL29"
"Cndp2",9,0,0.561875870753939,0.642,0.329,0,"UUO",0.313,"CNDP2"
"Cd52",10,0,0.552874369127025,0.246,0.055,0,"UUO",0.191,"CD52"
"Slc7a13",11,0,0.53639480882115,0.452,0.159,0,"UUO",0.293,"SLC7A13"
"Defb29",12,0,0.535498825896598,0.534,0.257,0,"UUO",0.277,"DEFB116"
"Atp11a",13,0,0.529769601935854,0.474,0.201,0,"UUO",0.273,"ATP11A"
"Rpl27a",15,0,0.502804114923291,0.964,0.709,0,"UUO",0.255,"RPL27A"
"Rpl27",18,0,0.484587587980376,0.865,0.588,0,"UUO",0.277,"RPL27"
"Hao2",19,0,0.481534168193573,0.527,0.262,0,"UUO",0.265,"HAO2"
"Lgals1",20,0,0.475199439176117,0.391,0.152,0,"UUO",0.239,"LGALS1"
"S100a10",21,0,0.469555155904398,0.475,0.219,0,"UUO",0.256,"S100A10"
"Rac2",22,0,0.465275924191809,0.216,0.043,0,"UUO",0.173,"RAC2"
"Ccdc6",23,0,0.457948096945712,0.365,0.127,0,"UUO",0.238,"CCDC6"
"Ghr",27,0,0.439271450306396,0.534,0.308,0,"UUO",0.226,"GHR"
"Ost4",28,0,0.428032025389967,0.695,0.426,0,"UUO",0.269,"OST4"
"Mpc1",29,0,0.424554365148945,0.707,0.437,0,"UUO",0.27,"MPC1"
"Rps27rt",30,0,0.423797702936117,0.298,0.072,0,"UUO",0.226,"RPS27"
"Nat8f6",31,0,0.423159786930466,0.323,0.11,0,"UUO",0.213,"NAT8"
"Coro1a",33,0,0.41458628389484,0.199,0.044,0,"UUO",0.155,"CORO1A"
"Acy3",34,0,0.413270567044106,0.625,0.381,0,"UUO",0.244,"ACY3"
"Slc22a12",35,0,0.40139871550118,0.572,0.341,0,"UUO",0.231,"SLC22A12"
"Ldhd",36,0,0.39666355891859,0.421,0.189,0,"UUO",0.232,"LDHD"
"Rpl12",37,0,0.396197379908782,0.802,0.563,0,"UUO",0.239,"RPL12"
"Slc6a18",38,0,0.393826512105154,0.346,0.127,0,"UUO",0.219,"SLC6A18"
"Rpl18",39,0,0.393779936749888,0.849,0.631,0,"UUO",0.218,"RPL18"
"Slc22a30",40,0,0.389899831580733,0.363,0.183,0,"UUO",0.18,"SLC22A9"
"Rps6",41,0,0.38602406002445,0.907,0.698,0,"UUO",0.209,"RPS6"
"Rpl4",42,0,0.38462933438342,0.842,0.613,0,"UUO",0.229,"RPL4"
"Trbc2",43,0,0.384164631148239,0.158,0.027,0,"UUO",0.131,"TRBC1"
"Cd74",44,0,0.381227008983671,0.209,0.04,0,"UUO",0.169,"CD74"
"Arhgdib",45,0,0.37917543188885,0.192,0.046,0,"UUO",0.146,"ARHGDIB"
"Rps2",46,0,0.377225421995053,0.97,0.801,0,"UUO",0.169,"RPS2"
"Pfn1",48,0,0.371177352205086,0.729,0.522,0,"UUO",0.207,"PFN1"
"Dynll1",49,0,0.368943508641709,0.596,0.355,0,"UUO",0.241,"DYNLL1"
"H2-D1",50,0,0.367432538989594,0.354,0.206,0,"UUO",0.148,"HLA-E"
"Rps7",52,0,0.367156622412795,0.888,0.701,0,"UUO",0.187,"RPS7"
"Mpv17l",53,0,0.364964972838263,0.373,0.165,0,"UUO",0.208,"MPV17L"
"Slc13a1",54,0,0.361893997959721,0.392,0.21,0,"UUO",0.182,"SLC13A1"
"Pabpc1",55,0,0.361782882312824,0.583,0.357,0,"UUO",0.226,"PABPC3"
"Eef1b2",57,0,0.359469719454851,0.652,0.422,0,"UUO",0.23,"EEF1B2"
"Ms4a4b",58,0,0.358887415652865,0.143,0.017,0,"UUO",0.126,"MS4A4A"
"Rpl30",59,0,0.358357166411317,0.867,0.65,0,"UUO",0.217,"RPL30"
"Igkc",60,0,0.35761641195383,0.216,0.032,0,"UUO",0.184,"IGKC"
"Napsa",62,0,0.352787664251745,0.457,0.238,0,"UUO",0.219,"NAPSA"
"Actg1",63,0,0.351892120134201,0.66,0.448,0,"UUO",0.212,"ACTG1"
"Dnajc19",64,0,0.350648713904564,0.697,0.49,0,"UUO",0.207,"DNAJC19"
"Odc1",65,0,0.347194877227491,0.55,0.352,0,"UUO",0.198,"ODC1"
"Rps19",67,0,0.344587601252464,0.98,0.853,0,"UUO",0.127,"RPS19"
"Cda",69,0,0.343928819220265,0.554,0.343,0,"UUO",0.211,"CDA"
"Cd3g",70,0,0.343549830793548,0.143,0.023,0,"UUO",0.12,"CD3G"
"Eef1g",73,0,0.336512606042194,0.66,0.442,0,"UUO",0.218,"EEF1G"
"Ltb",74,0,0.336510302404038,0.14,0.024,0,"UUO",0.116,"LTB"
"Rbm3",75,0,0.334238058428195,0.357,0.172,0,"UUO",0.185,"RBM3"
"Rps16",76,0,0.333626627131617,0.953,0.794,0,"UUO",0.159,"RPS16"
"Rps13",77,0,0.333188331010744,0.914,0.733,0,"UUO",0.181,"RPS13"
"Atp5g2",78,0,0.33024852389527,0.734,0.491,0,"UUO",0.243,"ATP5MC2"
"Rpl35a",80,0,0.328755049421914,0.973,0.815,0,"UUO",0.158,"RPL35A"
"Rps11",81,0,0.32787267840657,0.957,0.8,0,"UUO",0.157,"RPS11"
"Cd3d",82,0,0.327706916058389,0.14,0.022,0,"UUO",0.118,"CD3D"
"Nuak2",83,0,0.326939739203282,0.247,0.078,0,"UUO",0.169,"NUAK2"
"Arpc1b",84,0,0.324488512292343,0.233,0.106,0,"UUO",0.127,"ARPC1B"
"Laptm5",85,0,0.323921314463992,0.164,0.033,0,"UUO",0.131,"LAPTM5"
"Mrps36",87,0,0.321318406678763,0.525,0.317,0,"UUO",0.208,"MRPS36"
"Psmb8",90,0,0.315990344772423,0.174,0.044,0,"UUO",0.13,"PSMB8"
"Tomm20",92,0,0.315357669100832,0.612,0.39,0,"UUO",0.222,"TOMM20"
"Rps3a1",93,0,0.314726049087429,0.918,0.748,0,"UUO",0.17,"RPS3A"
"Rpl7",94,0,0.314091371840328,0.882,0.694,0,"UUO",0.188,"RPL7"
"Crip1",95,0,0.314087753023006,0.227,0.11,0,"UUO",0.117,"CRIP1"
"Cdk2ap2",96,0,0.313544042783486,0.382,0.189,0,"UUO",0.193,"CDK2AP2"
"Btg1",97,0,0.312962089131733,0.323,0.216,0,"UUO",0.107,"BTG1"
"Med28",98,0,0.312478203874603,0.485,0.285,0,"UUO",0.2,"MED28"
"Mat2a",99,0,0.312216092542156,0.52,0.381,0,"UUO",0.139,"MAT2A"
"Rpsa",100,0,0.311405585112712,0.85,0.666,0,"UUO",0.184,"RPSAP58"
"Msrb1",101,0,0.310972428015973,0.606,0.413,0,"UUO",0.193,"MSRB1"
"Rps20",102,0,0.308884898779128,0.933,0.763,0,"UUO",0.17,"RPS20"
"S100a6",103,0,0.308322838137796,0.157,0.048,0,"UUO",0.109,"S100A6"
"Hcst",104,0,0.308204960155681,0.153,0.032,0,"UUO",0.121,"HCST"
"Rpl15",105,0,0.306162445415862,0.883,0.699,0,"UUO",0.184,"RPL15"
"Rps24",106,0,0.306112982519415,0.956,0.814,0,"UUO",0.142,"RPS24"
"1700016C15Rik",107,0,0.304912878275767,0.252,0.085,0,"UUO",0.167,"C1orf100"
"Rpl10a",108,0,0.304552585807629,0.882,0.7,0,"UUO",0.182,"RPL10A"
"Rps9",109,0,0.304374181660663,0.917,0.754,0,"UUO",0.163,"RPS9"
"Ptpn18",110,0,0.303625412166492,0.199,0.085,0,"UUO",0.114,"PTPN18"
"Rps5",111,0,0.301755337910544,0.928,0.771,0,"UUO",0.157,"RPS5"
"Rack1",112,0,0.301076225940058,0.709,0.515,0,"UUO",0.194,"RACK1"
"Krtcap2",113,0,0.300420374957022,0.457,0.265,0,"UUO",0.192,"KRTCAP2"
"Btf3",114,0,0.299667114364195,0.61,0.415,0,"UUO",0.195,"BTF3"
"S100a11",116,0,0.299159372054002,0.407,0.234,0,"UUO",0.173,"S100A11"
"H2-K1",117,0,0.298746641047906,0.351,0.219,0,"UUO",0.132,"HLA-E"
"Tma7",118,0,0.298083329372743,0.7,0.489,0,"UUO",0.211,"TMA7"
"Nhp2",119,0,0.297826889087532,0.34,0.163,0,"UUO",0.177,"NHP2"
"Mrpl33",120,0,0.297402490286659,0.538,0.34,0,"UUO",0.198,"MRPL33"
"Rpl22",122,0,0.296813056691901,0.839,0.641,0,"UUO",0.198,"RPL22"
"Ms4a6b",123,0,0.296796908647862,0.137,0.021,0,"UUO",0.116,"MS4A6A"
"Cd36",124,0,0.296701591763026,0.242,0.068,0,"UUO",0.174,"CD36"
"Srp9",126,0,0.296256915011032,0.522,0.323,0,"UUO",0.199,"SRP9"
"Rpl23a",127,0,0.295864527656501,0.951,0.805,0,"UUO",0.146,"RPL23A"
"Sat1",128,0,0.294521357623423,0.638,0.451,0,"UUO",0.187,"SAT1"
"Slc13a3",129,0,0.294402086552015,0.458,0.265,0,"UUO",0.193,"SLC13A3"
"Limd2",130,0,0.293043141216219,0.18,0.056,0,"UUO",0.124,"LIMD2"
"Lck",131,0,0.291825583402576,0.13,0.021,0,"UUO",0.109,"LCK"
"Rpl18a",132,0,0.291662927064098,0.956,0.82,0,"UUO",0.136,"RPL18A"
"Ppdpf",133,0,0.289231174709476,0.446,0.259,0,"UUO",0.187,"PPDPF"
"Vim",135,0,0.287495478000144,0.133,0.026,0,"UUO",0.107,"VIM"
"Fau",136,0,0.286620128068968,0.97,0.86,0,"UUO",0.11,"FAU"
"Id2",137,0,0.285590119710431,0.658,0.462,0,"UUO",0.196,"ID2"
"Lrrc58",138,0,0.285395261661426,0.355,0.189,0,"UUO",0.166,"LRRC58"
"Tpm3",139,0,0.285307311953912,0.269,0.117,0,"UUO",0.152,"TPM3"
"Tsc22d1",141,0,0.283265604310066,0.436,0.283,0,"UUO",0.153,"TSC22D1"
"Rps15",142,0,0.28291596833887,0.935,0.785,0,"UUO",0.15,"RPS15"
"Shisa5",143,0,0.282500490428306,0.255,0.13,0,"UUO",0.125,"SHISA5"
"Ptprc",144,0,0.282415662115212,0.153,0.035,0,"UUO",0.118,"PTPRC"
"Tmem150a",145,0,0.282396662572844,0.327,0.162,0,"UUO",0.165,"TMEM150A"
"Oaz1",146,0,0.280742971532378,0.89,0.707,0,"UUO",0.183,"OAZ1"
"Rnaset2b",148,0,0.280113688581264,0.205,0.052,0,"UUO",0.153,"RNASET2"
"Rps3",149,0,0.279844985641806,0.894,0.737,0,"UUO",0.157,"RPS3"
"Rps23",150,0,0.278520856416654,0.975,0.855,0,"UUO",0.12,"RPS23"
"Rps4x",151,0,0.27764420707496,0.901,0.748,0,"UUO",0.153,"RPS4X"
"Nme2",152,0,0.277512642315929,0.235,0.079,0,"UUO",0.156,"NME2"
"Rpl19",153,0,0.277499299953313,0.942,0.804,0,"UUO",0.138,"RPL19"
"Ucp2",154,0,0.276639844827849,0.267,0.122,0,"UUO",0.145,"UCP2"
"Lat",155,0,0.27658409984865,0.123,0.017,0,"UUO",0.106,"LAT"
"Hnrnpf",156,0,0.275035319350621,0.383,0.226,0,"UUO",0.157,"HNRNPF"
"Zfp36l2",158,0,0.273454757928318,0.226,0.098,0,"UUO",0.128,"ZFP36L2"
"Rplp1",159,0,0.272989273050947,0.983,0.881,0,"UUO",0.102,"RPLP1"
"Psenen",160,0,0.272283460946296,0.384,0.211,0,"UUO",0.173,"PSENEN"
"Rps25",161,0,0.271546805340836,0.943,0.792,0,"UUO",0.151,"RPS25"
"Tmed2",162,0,0.270798195991132,0.425,0.252,0,"UUO",0.173,"TMED2"
"Lsp1",163,0,0.27052112339306,0.137,0.027,0,"UUO",0.11,"LSP1"
"Emp3",164,0,0.26970596685217,0.139,0.029,0,"UUO",0.11,"EMP3"
"Nkg7",165,0,0.269576759484012,0.106,0.025,0,"UUO",0.081,"NKG7"
"Gmfg",166,0,0.268639785166775,0.166,0.049,0,"UUO",0.117,"GMFG"
"Tmigd1",168,0,0.268131793633213,0.29,0.126,0,"UUO",0.164,"TMIGD1"
"Eif3h",169,0,0.267997709317914,0.503,0.336,0,"UUO",0.167,"EIF3H"
"Rpl28",171,0,0.267833523323186,0.959,0.819,0,"UUO",0.14,"RPL28"
"S100a4",172,0,0.267774523236419,0.109,0.017,0,"UUO",0.092,"S100A4"
"Rpl34",173,0,0.265738034211699,0.907,0.741,0,"UUO",0.166,"RPL34"
"Rpl32",175,0,0.264936913519391,0.978,0.869,0,"UUO",0.109,"RPL32"
"Jund",176,0,0.263922994697129,0.468,0.308,0,"UUO",0.16,"JUND"
"Rpl13",177,0,0.263706866151043,0.979,0.877,0,"UUO",0.102,"RPL13"
"Slc5a8",178,0,0.263683956646937,0.338,0.176,0,"UUO",0.162,"SLC5A8"
"Ttc36",179,0,0.263588882625435,0.744,0.612,0,"UUO",0.132,"TTC36"
"Manf",180,0,0.262788635273592,0.298,0.142,0,"UUO",0.156,"MANF"
"Zfp706",182,0,0.261627884696963,0.658,0.475,0,"UUO",0.183,"ZNF706"
"Hspe1",183,0,0.261454837012956,0.816,0.645,0,"UUO",0.171,"HSPE1"
"mt-Atp6",184,0,0.260946988339125,0.999,0.91,0,"UUO",0.089,"MT-ATP6"
"Gchfr",185,0,0.259896735721177,0.299,0.147,0,"UUO",0.152,"GCHFR"
"Eef1a1",186,0,0.259491837736796,0.974,0.862,0,"UUO",0.112,"EEF1A1"
"Junb",189,0,0.257611163365402,0.174,0.059,0,"UUO",0.115,"JUNB"
"Gnai2",190,0,0.257002682938709,0.324,0.182,0,"UUO",0.142,"GNAI2"
"Srgn",191,0,0.255775699045214,0.152,0.043,0,"UUO",0.109,"SRGN"
"Thy1",193,0,0.253928877729772,0.108,0.013,0,"UUO",0.095,"THY1"
"Gclm",194,0,0.253874968898029,0.387,0.234,0,"UUO",0.153,"GCLM"
"Rdh16f2",195,0,0.253810389415094,0.291,0.151,0,"UUO",0.14,"RDH16"
"Trmt112",196,0,0.253720870220761,0.323,0.169,0,"UUO",0.154,"TRMT112"
"Selplg",197,0,0.252550669331049,0.131,0.025,0,"UUO",0.106,"SELPLG"
"Slco1a1",198,0,0.25250988371479,0.206,0.06,0,"UUO",0.146,"SLCO1A2"
"Reep5",199,0,0.252190728793827,0.347,0.191,0,"UUO",0.156,"REEP5"
"Mkrn1",200,0,0.251396509509032,0.304,0.152,0,"UUO",0.152,"MKRN1"
"Fyb",201,0,0.251365621153201,0.134,0.032,0,"UUO",0.102,"FYB1"
"Set",203,0,0.247455548911898,0.381,0.23,0,"UUO",0.151,"SETSIP"
"Ube2i",204,0,0.247098032689358,0.235,0.098,0,"UUO",0.137,"UBE2I"
"Cycs",205,0,0.246299000091498,0.796,0.649,0,"UUO",0.147,"CYCS"
"H2-T22",206,0,0.246140307893204,0.21,0.077,0,"UUO",0.133,"HLA-E"
"Trbc1",207,0,0.245231747735251,0.103,0.019,0,"UUO",0.084,"TRBC1"
"H2-Q7",208,0,0.245023458594428,0.121,0.023,0,"UUO",0.098,"HLA-E"
"Cyp4a31",210,0,0.244840179765119,0.235,0.098,0,"UUO",0.137,"CYP4F12"
"Selenok",211,0,0.244804445691021,0.513,0.344,0,"UUO",0.169,"SELENOK"
"Slfn2",212,0,0.244615092773092,0.126,0.024,0,"UUO",0.102,"SLFN12"
"Npm3",213,0,0.244524051536676,0.245,0.104,0,"UUO",0.141,"NPM3"
"Rpl24",214,0,0.243335662581963,0.948,0.81,0,"UUO",0.138,"RPL24"
"Ptprcap",215,0,0.242782243416019,0.119,0.024,0,"UUO",0.095,"PTPRCAP"
"Serp1",216,0,0.242162504958379,0.42,0.264,0,"UUO",0.156,"SERP1"
"Sft2d1",217,0,0.241572142833143,0.171,0.035,0,"UUO",0.136,"SFT2D1"
"Arpc4",218,0,0.240453099261796,0.231,0.1,0,"UUO",0.131,"ARPC4"
"Eif3f",219,0,0.240246948207645,0.494,0.347,0,"UUO",0.147,"EIF3F"
"Rpl22l1",221,0,0.238852539166246,0.69,0.513,0,"UUO",0.177,"RPL22L1"
"H3f3a",222,0,0.238425881929251,0.647,0.488,0,"UUO",0.159,"H3-3A"
"Mylk",223,0,0.237241731415093,0.171,0.047,0,"UUO",0.124,"MYLK"
"Ugt3a1",224,0,0.236869295231668,0.225,0.088,0,"UUO",0.137,"UGT3A2"
"Rpl23",225,0,0.236818076042444,0.974,0.865,0,"UUO",0.109,"RPL23"
"Slc51b",226,0,0.236769922943602,0.225,0.095,0,"UUO",0.13,"SLC51B"
"Arhgap45",227,0,0.236624516558917,0.13,0.028,0,"UUO",0.102,"ARHGAP45"
"Erich4",228,0,0.235664193285646,0.34,0.193,0,"UUO",0.147,"ERICH4"
"Nt5e",229,0,0.235267344819599,0.141,0.017,0,"UUO",0.124,"NT5E"
"Mrpl57",230,0,0.234793863611701,0.418,0.264,0,"UUO",0.154,"MRPL57"
"Rpl3",231,0,0.232833476875887,0.826,0.677,0,"UUO",0.149,"RPL3"
"B4galt5",232,0,0.231328087799024,0.207,0.073,0,"UUO",0.134,"B4GALT5"
"H3f3b",233,0,0.230903982693588,0.712,0.548,0,"UUO",0.164,"H3-5"
"Tpt1",234,0,0.23069615225745,0.985,0.894,0,"UUO",0.091,"TPT1"
"Rps8",235,0,0.230632619643961,0.95,0.828,0,"UUO",0.122,"RPS8"
"Col4a3",237,0,0.229841475933301,0.243,0.114,0,"UUO",0.129,"COL4A3"
"Slc10a2",239,0,0.22931464344518,0.172,0.047,0,"UUO",0.125,"SLC10A2"
"Rap1b",241,0,0.228931779998627,0.288,0.16,0,"UUO",0.128,"RAP1B"
"Agps",242,0,0.228613627233411,0.261,0.122,0,"UUO",0.139,"AGPS"
"Serpinf2",243,0,0.228515215065013,0.271,0.131,0,"UUO",0.14,"SERPINF2"
"Rpl8",244,0,0.22803216804139,0.908,0.777,0,"UUO",0.131,"RPL8"
"Cyba",245,0,0.227558504810267,0.685,0.514,0,"UUO",0.171,"CYBA"
"Msn",246,0,0.226748553192859,0.247,0.117,0,"UUO",0.13,"MSN"
"mt-Co2",247,0,0.226446617186459,0.993,0.872,0,"UUO",0.121,"MT-CO2"
"Ubb",248,0,0.226408771831269,0.731,0.585,0,"UUO",0.146,"UBB"
"Gpx4",249,0,0.225855126457492,0.858,0.742,0,"UUO",0.116,"GPX4"
"Cfl1",250,0,0.225808485085119,0.564,0.434,0,"UUO",0.13,"CFL1"
"Rpl36a",251,0,0.225768652852804,0.892,0.73,0,"UUO",0.162,"RPL36A"
"Acaa1b",252,0,0.225353329587451,0.378,0.237,0,"UUO",0.141,"ACAA1"
"Cisd3",253,0,0.224959604665167,0.369,0.231,0,"UUO",0.138,"CISD3"
"Cyp4b1",254,0,0.22475419531039,0.586,0.407,0,"UUO",0.179,"CYP4B1"
"Fkbp1a",255,0,0.224596624780366,0.431,0.275,0,"UUO",0.156,"FKBP1A"
"Gimap3",256,0,0.224210074597935,0.11,0.021,0,"UUO",0.089,"GIMAP1-GIMAP5"
"Polr1d",257,0,0.22399566250115,0.505,0.346,0,"UUO",0.159,"POLR1D"
"Scand1",258,0,0.223950379280354,0.56,0.393,0,"UUO",0.167,"SCAND1"
"Naca",259,0,0.223548412245082,0.77,0.601,0,"UUO",0.169,"NACA"
"Cox7a2l",260,0,0.223538222261586,0.606,0.444,0,"UUO",0.162,"COX7A2L"
"Fgfr1op2",261,0,0.223097171846254,0.285,0.152,0,"UUO",0.133,"FGFR1OP2"
"Mien1",262,0,0.223094980095448,0.53,0.372,0,"UUO",0.158,"MIEN1"
"Zbtb20",263,0,0.222557545738678,0.617,0.531,0,"UUO",0.086,"ZBTB20"
"Smlr1",264,0,0.222349006143548,0.201,0.074,0,"UUO",0.127,"SMLR1"
"Chpt1",265,0,0.221416740650789,0.756,0.658,0,"UUO",0.098,"CHPT1"
"Ttr",266,0,0.220730965573761,0.172,0.071,0,"UUO",0.101,"TTR"
"Rps26",267,0,0.220163405031354,0.877,0.725,0,"UUO",0.152,"RPS26"
"Ybx1",269,0,0.219424514294876,0.869,0.719,0,"UUO",0.15,"YBX1"
"Hnrnpa3",270,0,0.21925060639274,0.34,0.204,0,"UUO",0.136,"HNRNPA3"
"Cks2",271,0,0.217717312603335,0.309,0.174,0,"UUO",0.135,"CKS2"
"Abracl",272,0,0.217420939302572,0.351,0.214,0,"UUO",0.137,"ABRACL"
"Tmem176a",273,0,0.217290523931404,0.53,0.39,0,"UUO",0.14,"TMEM176A"
"Rpl31",276,0,0.215659705314749,0.924,0.788,0,"UUO",0.136,"RPL31"
"Cnn2",277,0,0.21543229826814,0.121,0.028,0,"UUO",0.093,"CNN2"
"Cyb5a",278,0,0.214480404695981,0.806,0.685,0,"UUO",0.121,"CYB5A"
"Actb",280,0,0.213566803858357,0.742,0.649,0,"UUO",0.093,"ACTB"
"Cd53",281,0,0.213552474768657,0.121,0.027,0,"UUO",0.094,"CD53"
"Rpl14",282,0,0.213471454597946,0.93,0.8,0,"UUO",0.13,"RPL14"
"2200002D01Rik",284,0,0.212309561566177,0.16,0.046,0,"UUO",0.114,"C19orf33"
"Klf2",285,0,0.21132163896243,0.134,0.046,0,"UUO",0.088,"KLF2"
"Cdc42se1",286,0,0.210321984798698,0.24,0.116,0,"UUO",0.124,"CDC42SE1"
"Fgf1",287,0,0.209427642576684,0.174,0.061,0,"UUO",0.113,"FGF1"
"Gimap1",288,0,0.208980716556731,0.135,0.044,0,"UUO",0.091,"GIMAP1"
"Slc22a28",289,0,0.208589346993504,0.281,0.161,0,"UUO",0.12,"SLC22A9"
"Ankrd11",290,0,0.20806207000115,0.275,0.155,0,"UUO",0.12,"ANKRD11"
"Ets1",291,0,0.207875296744559,0.105,0.022,0,"UUO",0.083,"ETS1"
"Lrp2",292,0,0.207575827628221,0.628,0.483,0,"UUO",0.145,"LRP2"
"Lcp1",293,0,0.207244177967651,0.124,0.029,0,"UUO",0.095,"LCP1"
"Gpc3",294,0,0.207128647153289,0.126,0.024,0,"UUO",0.102,"GPC3"
"Cyp4a10",296,0,0.206728999793166,0.248,0.129,0,"UUO",0.119,"CYP4F12"
"Ccnd2",298,0,0.206218497620123,0.11,0.03,0,"UUO",0.08,"CCND2"
"Me1",299,0,0.205276349638303,0.381,0.245,0,"UUO",0.136,"ME1"
"Idi1",300,0,0.204990821812793,0.156,0.047,0,"UUO",0.109,"IDI1"
"Mrps33",301,0,0.204445316305162,0.354,0.221,0,"UUO",0.133,"MRPS33"
"Gimap4",302,0,0.202689060616375,0.121,0.039,0,"UUO",0.082,"GIMAP4"
"Wwp1",304,0,0.200745057309427,0.352,0.224,0,"UUO",0.128,"WWP1"
"Pnrc1",305,1.11253692927029e-308,0.20247239123448,0.253,0.143,1.11253724813434e-308,"UUO",0.11,"PNRC1"
"Camk2n1",307,1.11253693058135e-308,0.213754836275517,0.465,0.33,1.11256230526903e-308,"UUO",0.135,"CAMK2N1"
"Plac8",308,1.11360034247685e-308,0.216047763887821,0.154,0.069,4.06479070453777e-307,"UUO",0.085,"PLAC8"
"Tmem176b",309,3.73800782636492e-304,0.215250419882659,0.564,0.436,7.14408055774864e-300,"UUO",0.128,"TMEM176B"
"Sh3bgrl3",310,8.54430170407033e-261,0.222302358164279,0.312,0.23,1.63298694168192e-256,"UUO",0.082,"SH3BGRL3"
"S100g",311,0,1.47105597878359,0.811,0.169,0,"Control",0.642,"S100G"
"Ftl1",313,0,0.936494186070319,0.972,0.481,0,"Control",0.491,"FTL"
"Klk1",314,0,0.79402895644272,0.324,0.033,0,"Control",0.291,"KLK2"
"Mt1",315,0,0.789039510737743,0.497,0.151,0,"Control",0.346,"MT1G"
"Calb1",318,0,0.705974492963549,0.271,0.02,0,"Control",0.251,"CALB1"
"Dnase1",319,0,0.688986386331033,0.442,0.154,0,"Control",0.288,"DNASE1"
"Tmem52b",320,0,0.661526528601239,0.278,0.038,0,"Control",0.24,"TMEM52B"
"Egf",321,0,0.659100792693448,0.234,0.026,0,"Control",0.208,"EGF"
"Spp1",322,0,0.647541080415068,0.496,0.203,0,"Control",0.293,"SPP1"
"Tmem213",323,0,0.645040598382861,0.286,0.042,0,"Control",0.244,"TMEM213"
"Slc12a3",324,0,0.6261592060722,0.217,0.032,0,"Control",0.185,"SLC12A3"
"Gatm",325,0,0.580222824857685,0.506,0.255,0,"Control",0.251,"GATM"
"Ppp1r1a",326,0,0.563531359193916,0.235,0.035,0,"Control",0.2,"PPP1R1A"
"Umod",327,0,0.539343298293578,0.232,0.06,0,"Control",0.172,"UMOD"
"Atp1a1",328,0,0.492934307645089,0.738,0.571,0,"Control",0.167,"ATP1A1"
"Ldhb",329,0,0.486701686252071,0.66,0.437,0,"Control",0.223,"LDHB"
"Txnip",330,0,0.464215495155333,0.335,0.131,0,"Control",0.204,"TXNIP"
"Wnk1",331,0,0.464092753179632,0.348,0.209,0,"Control",0.139,"WNK1"
"Gabarapl1",332,0,0.449863588019563,0.582,0.39,0,"Control",0.192,"GABARAPL1"
"Spp2",333,0,0.448469935963813,0.268,0.084,0,"Control",0.184,"SPP2"
"Fabp3",334,0,0.447516666172842,0.272,0.08,0,"Control",0.192,"FABP3"
"Kng2",335,0,0.429439111053916,0.191,0.034,0,"Control",0.157,"KNG1"
"Atp6v1g3",336,0,0.420023727027741,0.154,0.018,0,"Control",0.136,"ATP6V1G3"
"Slc6a19",337,0,0.412612836524585,0.268,0.1,0,"Control",0.168,"SLC6A19"
"Mal",338,0,0.405275573087721,0.199,0.035,0,"Control",0.164,"MAL"
"Atp5b",339,0,0.402892754562411,0.804,0.667,0,"Control",0.137,"ATP5F1B"
"Inmt",340,0,0.395771640155706,0.379,0.221,0,"Control",0.158,"INMT"
"Idh2",341,0,0.388087155169716,0.373,0.202,0,"Control",0.171,"IDH2"
"Mdh1",342,0,0.3864178560756,0.634,0.472,0,"Control",0.162,"MDH1"
"Acss1",343,0,0.3856931901443,0.233,0.051,0,"Control",0.182,"ACSS1"
"Sfrp1",344,0,0.384917033383428,0.151,0.021,0,"Control",0.13,"SFRP1"
"Atp5k",345,0,0.380401790718245,0.853,0.744,0,"Control",0.109,"ATP5ME"
"Oxct1",346,0,0.378821381522992,0.558,0.407,0,"Control",0.151,"OXCT1"
"Slc25a4",347,0,0.374004627525283,0.502,0.348,0,"Control",0.154,"SLC25A4"
"Clcnkb",348,0,0.364714554860727,0.167,0.024,0,"Control",0.143,"CLCNKA"
"Pgam2",349,0,0.354883740542725,0.153,0.018,0,"Control",0.135,"PGAM2"
"Ccnd1",350,0,0.351893808882409,0.301,0.141,0,"Control",0.16,"CCND1"
"Atp5a1",352,0,0.339483300355299,0.722,0.603,0,"Control",0.119,"ATP5F1A"
"Slc16a7",353,0,0.33183716951563,0.148,0.019,0,"Control",0.129,"SLC16A7"
"Enpp2",354,0,0.330426156407773,0.243,0.101,0,"Control",0.142,"ENPP2"
"Kcnj1",355,0,0.330246552502551,0.145,0.019,0,"Control",0.126,"KCNJ1"
"Clu",356,0,0.323553467180393,0.158,0.041,0,"Control",0.117,"CLU"
"Oat",357,0,0.323190873805348,0.23,0.075,0,"Control",0.155,"OAT"
"Pvalb",358,0,0.320443100817917,0.112,0.012,0,"Control",0.1,"PVALB"
"Fbp1",359,0,0.31848037546856,0.436,0.319,0,"Control",0.117,"FBP1"
"Sostdc1",360,0,0.315908179186356,0.146,0.025,0,"Control",0.121,"SOSTDC1"
"Uqcrc1",361,0,0.311816295746752,0.413,0.277,0,"Control",0.136,"UQCRC1"
"Wfdc2",362,0,0.308888385564675,0.222,0.113,0,"Control",0.109,"WFDC2"
"Pah",363,0,0.302618565124241,0.45,0.34,0,"Control",0.11,"PAH"
"Car14",364,0,0.298968457444286,0.212,0.077,0,"Control",0.135,"CA14"
"Slc5a12",365,0,0.298005787669834,0.209,0.092,0,"Control",0.117,"SLC5A12"
"Sdha",366,0,0.29704242469833,0.415,0.286,0,"Control",0.129,"SDHA"
"Nudt4",367,0,0.295120993942166,0.3,0.203,0,"Control",0.097,"NUDT4"
"Hoxd8",368,0,0.288287598962555,0.156,0.034,0,"Control",0.122,"HOXD8"
"Ass1",369,0,0.288274903128349,0.688,0.635,0,"Control",0.0529999999999999,"ASS1"
"S100a1",370,0,0.284507917467248,0.579,0.485,0,"Control",0.094,"S100A1"
"Car12",371,0,0.28278605619037,0.268,0.161,0,"Control",0.107,"CA12"
"Asl",372,0,0.281215867526551,0.259,0.141,0,"Control",0.118,"ASL"
"Lgmn",373,0,0.281209389639212,0.421,0.315,0,"Control",0.106,"LGMN"
"Slc5a2",374,0,0.280908208468466,0.229,0.127,0,"Control",0.102,"SLC5A2"
"Atp1b1",375,0,0.277950051852905,0.751,0.659,0,"Control",0.092,"ATP1B1"
"Atp6v1e1",377,0,0.273468039602777,0.472,0.37,0,"Control",0.102,"ATP6V1E1"
"Slc25a5",378,0,0.272163177962266,0.703,0.616,0,"Control",0.087,"SLC25A5"
"Atp5g3",379,0,0.263645861897533,0.759,0.675,0,"Control",0.084,"ATP5MC3"
"Dbp",380,0,0.262743936150519,0.22,0.107,0,"Control",0.113,"DBP"
"Slc43a2",381,0,0.261072573977392,0.201,0.089,0,"Control",0.112,"SLC43A2"
"Sec62",382,0,0.259917772083132,0.502,0.404,0,"Control",0.098,"SEC62"
"Mgst3",384,0,0.259468855993025,0.304,0.197,0,"Control",0.107,"MGST3"
"Cdh16",385,0,0.257506189121196,0.402,0.311,0,"Control",0.091,"CDH16"
"Kl",386,0,0.255742668107112,0.443,0.361,0,"Control",0.082,"KL"
"Ppargc1a",387,0,0.254957669336226,0.223,0.11,0,"Control",0.113,"PPARGC1A"
"Ubc",388,0,0.253234698181887,0.5,0.402,0,"Control",0.098,"UBC"
"mt-Nd3",389,0,0.251609495775219,0.764,0.729,0,"Control",0.035,"MT-ND3"
"Cyp2d26",390,0,0.250408201679092,0.167,0.061,0,"Control",0.106,"CYP2D6"
"Cyc1",391,0,0.247948952728273,0.535,0.442,0,"Control",0.093,"CYC1"
"Igfbp5",392,0,0.247191671516679,0.155,0.062,0,"Control",0.093,"IGFBP5"
"Wnk4",393,0,0.246654878650746,0.166,0.071,0,"Control",0.095,"WNK4"
"Epcam",394,0,0.243350251539165,0.126,0.025,0,"Control",0.101,"EPCAM"
"Slc7a8",395,0,0.241936862876131,0.186,0.082,0,"Control",0.104,"SLC7A8"
"Mif",396,0,0.24180262455815,0.691,0.623,0,"Control",0.068,"MIF"
"Scnn1a",397,0,0.241592329742013,0.119,0.018,0,"Control",0.101,"SCNN1A"
"Mdh2",398,0,0.241571172150169,0.4,0.298,0,"Control",0.102,"MDH2"
"Aldoa",399,0,0.240873170877282,0.577,0.49,0,"Control",0.087,"ALDOA"
"Uqcrfs1",401,0,0.23655357699957,0.558,0.479,0,"Control",0.0790000000000001,"UQCRFS1"
"Ckb",402,0,0.23627712086867,0.125,0.039,0,"Control",0.086,"CKB"
"Acaa2",403,0,0.235879680634037,0.231,0.125,0,"Control",0.106,"ACAA2"
"Slc7a7",405,0,0.234948844108149,0.18,0.084,0,"Control",0.096,"SLC7A7"
"Tceal9",406,0,0.234693564726503,0.244,0.139,0,"Control",0.105,"TCEAL9"
"Eno1",407,0,0.232120030613415,0.341,0.235,0,"Control",0.106,"ENO1"
"Mecom",408,0,0.231148984859633,0.115,0.017,0,"Control",0.098,"MECOM"
"Tcn2",409,0,0.230864598690891,0.538,0.465,0,"Control",0.073,"TCN2"
"Herpud1",410,0,0.230750967533433,0.369,0.283,0,"Control",0.086,"HERPUD1"
"Rhcg",411,0,0.230526584892112,0.104,0.012,0,"Control",0.092,"RHCG"
"Eif3j1",412,0,0.230255925026444,0.169,0.057,0,"Control",0.112,"EIF3J"
"Cldn8",413,0,0.228214108972914,0.111,0.015,0,"Control",0.096,"CLDN8"
"Ndufv1",414,0,0.224914406263819,0.271,0.174,0,"Control",0.097,"NDUFV1"
"Slc25a3",415,0,0.223770269222105,0.719,0.666,0,"Control",0.0529999999999999,"SLC25A3"
"Ier3",416,0,0.222199147262909,0.123,0.04,0,"Control",0.083,"IER3"
"Phyh",417,0,0.219011083223471,0.354,0.263,0,"Control",0.091,"PHYH"
"Tfcp2l1",418,0,0.218374434795146,0.237,0.152,0,"Control",0.085,"TFCP2L1"
"Cox5a",419,0,0.217109317078213,0.745,0.687,0,"Control",0.0579999999999999,"COX5A"
"Aif1l",421,0,0.21246566193851,0.167,0.081,0,"Control",0.086,"AIF1L"
"Cox7a1",422,0,0.210919727936554,0.201,0.113,0,"Control",0.088,"COX7A1"
"Ndufs2",423,0,0.209337680562177,0.389,0.306,0,"Control",0.083,"NDUFS2"
"Suclg1",424,0,0.209239251720869,0.383,0.299,0,"Control",0.084,"SUCLG1"
"Cnn3",425,0,0.207959295826793,0.213,0.121,0,"Control",0.092,"CNN3"
"Tmem72",426,0,0.207843434946308,0.105,0.017,0,"Control",0.088,"TMEM72"
"Efhd1",427,0,0.206979801399751,0.103,0.016,0,"Control",0.087,"EFHD1"
"Krt7",428,0,0.203995529739715,0.102,0.019,0,"Control",0.083,"KRT7"
"Atp5c1",429,0,0.202643859525723,0.617,0.558,0,"Control",0.0589999999999999,"ATP5F1C"
