"gene","X","p_val","avg_log2FC","pct.1","pct.2","p_val_adj","cluster","HGNC.symbol"
"S100g",853,0,-1.47105597878359,0.169,0.811,0,"CKD","S100G"
"S100g",1,0,1.47105597878359,0.811,0.169,0,"Health","S100G"
"Ftl1",851,0,-0.936494186070319,0.481,0.972,0,"CKD","FTL"
"Ftl1",3,0,0.936494186070319,0.972,0.481,0,"Health","FTL"
"Klk1",4,0,0.79402895644272,0.324,0.033,0,"Health","KLK2"
"Klk1",850,0,-0.79402895644272,0.033,0.324,0,"CKD","KLK2"
"Mt1",849,0,-0.789039510737743,0.151,0.497,0,"CKD","MT1G"
"Mt1",5,0,0.789039510737743,0.497,0.151,0,"Health","MT1G"
"Calb1",8,0,0.705974492963549,0.271,0.02,0,"Health","CALB1"
"Calb1",846,0,-0.705974492963549,0.02,0.271,0,"CKD","CALB1"
"Dnase1",9,0,0.688986386331033,0.442,0.154,0,"Health","DNASE1"
"Dnase1",845,0,-0.688986386331033,0.154,0.442,0,"CKD","DNASE1"
"Tmem52b",844,0,-0.661526528601239,0.038,0.278,0,"CKD","TMEM52B"
"Tmem52b",10,0,0.661526528601239,0.278,0.038,0,"Health","TMEM52B"
"Egf",11,0,0.659100792693448,0.234,0.026,0,"Health","EGF"
"Egf",843,0,-0.659100792693448,0.026,0.234,0,"CKD","EGF"
"Spp1",12,0,0.647541080415068,0.496,0.203,0,"Health","SPP1"
"Spp1",842,0,-0.647541080415068,0.203,0.496,0,"CKD","SPP1"
"Tmem213",841,0,-0.645040598382861,0.042,0.286,0,"CKD","TMEM213"
"Tmem213",13,0,0.645040598382861,0.286,0.042,0,"Health","TMEM213"
"Slc12a3",14,0,0.6261592060722,0.217,0.032,0,"Health","SLC12A3"
"Slc12a3",840,0,-0.6261592060722,0.032,0.217,0,"CKD","SLC12A3"
"Gatm",839,0,-0.580222824857685,0.255,0.506,0,"CKD","GATM"
"Gatm",15,0,0.580222824857685,0.506,0.255,0,"Health","GATM"
"Ppp1r1a",838,0,-0.563531359193916,0.035,0.235,0,"CKD","PPP1R1A"
"Ppp1r1a",16,0,0.563531359193916,0.235,0.035,0,"Health","PPP1R1A"
"Umod",837,0,-0.539343298293578,0.06,0.232,0,"CKD","UMOD"
"Umod",17,0,0.539343298293578,0.232,0.06,0,"Health","UMOD"
"Atp1a1",18,0,0.492934307645089,0.738,0.571,0,"Health","ATP1A1"
"Atp1a1",836,0,-0.492934307645089,0.571,0.738,0,"CKD","ATP1A1"
"Ldhb",835,0,-0.486701686252071,0.437,0.66,0,"CKD","LDHB"
"Ldhb",19,0,0.486701686252071,0.66,0.437,0,"Health","LDHB"
"Txnip",834,0,-0.464215495155333,0.131,0.335,0,"CKD","TXNIP"
"Txnip",20,0,0.464215495155333,0.335,0.131,0,"Health","TXNIP"
"Wnk1",833,0,-0.464092753179632,0.209,0.348,0,"CKD","WNK1"
"Wnk1",21,0,0.464092753179632,0.348,0.209,0,"Health","WNK1"
"Gabarapl1",22,0,0.449863588019563,0.582,0.39,0,"Health","GABARAPL1"
"Gabarapl1",832,0,-0.449863588019563,0.39,0.582,0,"CKD","GABARAPL1"
"Spp2",23,0,0.448469935963813,0.268,0.084,0,"Health","SPP2"
"Spp2",831,0,-0.448469935963813,0.084,0.268,0,"CKD","SPP2"
"Fabp3",24,0,0.447516666172842,0.272,0.08,0,"Health","FABP3"
"Fabp3",830,0,-0.447516666172842,0.08,0.272,0,"CKD","FABP3"
"Kng2",829,0,-0.429439111053916,0.034,0.191,0,"CKD","KNG1"
"Kng2",25,0,0.429439111053916,0.191,0.034,0,"Health","KNG1"
"Atp6v1g3",828,0,-0.420023727027741,0.018,0.154,0,"CKD","ATP6V1G3"
"Atp6v1g3",26,0,0.420023727027741,0.154,0.018,0,"Health","ATP6V1G3"
"Slc6a19",827,0,-0.412612836524585,0.1,0.268,0,"CKD","SLC6A19"
"Slc6a19",27,0,0.412612836524585,0.268,0.1,0,"Health","SLC6A19"
"Mal",826,0,-0.405275573087721,0.035,0.199,0,"CKD","MAL"
"Mal",28,0,0.405275573087721,0.199,0.035,0,"Health","MAL"
"Atp5b",825,0,-0.402892754562411,0.667,0.804,0,"CKD","ATP5F1B"
"Atp5b",29,0,0.402892754562411,0.804,0.667,0,"Health","ATP5F1B"
"Inmt",824,0,-0.395771640155706,0.221,0.379,0,"CKD","INMT"
"Inmt",30,0,0.395771640155706,0.379,0.221,0,"Health","INMT"
"Idh2",823,0,-0.388087155169716,0.202,0.373,0,"CKD","IDH2"
"Idh2",31,0,0.388087155169716,0.373,0.202,0,"Health","IDH2"
"Mdh1",822,0,-0.3864178560756,0.472,0.634,0,"CKD","MDH1"
"Mdh1",32,0,0.3864178560756,0.634,0.472,0,"Health","MDH1"
"Acss1",821,0,-0.3856931901443,0.051,0.233,0,"CKD","ACSS1"
"Acss1",33,0,0.3856931901443,0.233,0.051,0,"Health","ACSS1"
"Sfrp1",820,0,-0.384917033383428,0.021,0.151,0,"CKD","SFRP1"
"Sfrp1",34,0,0.384917033383428,0.151,0.021,0,"Health","SFRP1"
"Atp5k",35,0,0.380401790718245,0.853,0.744,0,"Health","ATP5ME"
"Atp5k",819,0,-0.380401790718245,0.744,0.853,0,"CKD","ATP5ME"
"Oxct1",36,0,0.378821381522992,0.558,0.407,0,"Health","OXCT1"
"Oxct1",818,0,-0.378821381522992,0.407,0.558,0,"CKD","OXCT1"
"Slc25a4",817,0,-0.374004627525283,0.348,0.502,0,"CKD","SLC25A4"
"Slc25a4",37,0,0.374004627525283,0.502,0.348,0,"Health","SLC25A4"
"Clcnkb",816,0,-0.364714554860727,0.024,0.167,0,"CKD","CLCNKA"
"Clcnkb",38,0,0.364714554860727,0.167,0.024,0,"Health","CLCNKA"
"Pgam2",815,0,-0.354883740542725,0.018,0.153,0,"CKD","PGAM2"
"Pgam2",39,0,0.354883740542725,0.153,0.018,0,"Health","PGAM2"
"Ccnd1",40,0,0.351893808882409,0.301,0.141,0,"Health","CCND1"
"Ccnd1",814,0,-0.351893808882409,0.141,0.301,0,"CKD","CCND1"
"Atp5a1",42,0,0.339483300355299,0.722,0.603,0,"Health","ATP5F1A"
"Atp5a1",812,0,-0.339483300355299,0.603,0.722,0,"CKD","ATP5F1A"
"Slc16a7",811,0,-0.33183716951563,0.019,0.148,0,"CKD","SLC16A7"
"Slc16a7",43,0,0.33183716951563,0.148,0.019,0,"Health","SLC16A7"
"Enpp2",810,0,-0.330426156407773,0.101,0.243,0,"CKD","ENPP2"
"Enpp2",44,0,0.330426156407773,0.243,0.101,0,"Health","ENPP2"
"Kcnj1",45,0,0.330246552502551,0.145,0.019,0,"Health","KCNJ1"
"Kcnj1",809,0,-0.330246552502551,0.019,0.145,0,"CKD","KCNJ1"
"Clu",46,0,0.323553467180393,0.158,0.041,0,"Health","CLU"
"Clu",808,0,-0.323553467180393,0.041,0.158,0,"CKD","CLU"
"Oat",47,0,0.323190873805348,0.23,0.075,0,"Health","OAT"
"Oat",807,0,-0.323190873805348,0.075,0.23,0,"CKD","OAT"
"Pvalb",806,0,-0.320443100817917,0.012,0.112,0,"CKD","PVALB"
"Pvalb",48,0,0.320443100817917,0.112,0.012,0,"Health","PVALB"
"Fbp1",805,0,-0.31848037546856,0.319,0.436,0,"CKD","FBP1"
"Fbp1",49,0,0.31848037546856,0.436,0.319,0,"Health","FBP1"
"Sostdc1",50,0,0.315908179186356,0.146,0.025,0,"Health","SOSTDC1"
"Sostdc1",804,0,-0.315908179186356,0.025,0.146,0,"CKD","SOSTDC1"
"Uqcrc1",51,0,0.311816295746752,0.413,0.277,0,"Health","UQCRC1"
"Uqcrc1",803,0,-0.311816295746752,0.277,0.413,0,"CKD","UQCRC1"
"Wfdc2",802,0,-0.308888385564675,0.113,0.222,0,"CKD","WFDC2"
"Wfdc2",52,0,0.308888385564675,0.222,0.113,0,"Health","WFDC2"
"Pah",801,0,-0.302618565124241,0.34,0.45,0,"CKD","PAH"
"Pah",53,0,0.302618565124241,0.45,0.34,0,"Health","PAH"
"Car14",54,0,0.298968457444286,0.212,0.077,0,"Health","CA14"
"Car14",800,0,-0.298968457444286,0.077,0.212,0,"CKD","CA14"
"Slc5a12",799,0,-0.298005787669834,0.092,0.209,0,"CKD","SLC5A12"
"Slc5a12",55,0,0.298005787669834,0.209,0.092,0,"Health","SLC5A12"
"Sdha",56,0,0.29704242469833,0.415,0.286,0,"Health","SDHA"
"Sdha",798,0,-0.29704242469833,0.286,0.415,0,"CKD","SDHA"
"Nudt4",797,0,-0.295120993942166,0.203,0.3,0,"CKD","NUDT4"
"Nudt4",57,0,0.295120993942166,0.3,0.203,0,"Health","NUDT4"
"Hoxd8",796,0,-0.288287598962555,0.034,0.156,0,"CKD","HOXD8"
"Hoxd8",58,0,0.288287598962555,0.156,0.034,0,"Health","HOXD8"
"Ass1",59,0,0.288274903128349,0.688,0.635,0,"Health","ASS1"
"Ass1",795,0,-0.288274903128349,0.635,0.688,0,"CKD","ASS1"
"S100a1",60,0,0.284507917467248,0.579,0.485,0,"Health","S100A1"
"S100a1",794,0,-0.284507917467248,0.485,0.579,0,"CKD","S100A1"
"Car12",61,0,0.28278605619037,0.268,0.161,0,"Health","CA12"
"Car12",793,0,-0.28278605619037,0.161,0.268,0,"CKD","CA12"
"Asl",792,0,-0.281215867526551,0.141,0.259,0,"CKD","ASL"
"Asl",62,0,0.281215867526551,0.259,0.141,0,"Health","ASL"
"Lgmn",791,0,-0.281209389639212,0.315,0.421,0,"CKD","LGMN"
"Lgmn",63,0,0.281209389639212,0.421,0.315,0,"Health","LGMN"
"Slc5a2",790,0,-0.280908208468466,0.127,0.229,0,"CKD","SLC5A2"
"Slc5a2",64,0,0.280908208468466,0.229,0.127,0,"Health","SLC5A2"
"Atp1b1",789,0,-0.277950051852905,0.659,0.751,0,"CKD","ATP1B1"
"Atp1b1",65,0,0.277950051852905,0.751,0.659,0,"Health","ATP1B1"
"Atp6v1e1",67,0,0.273468039602777,0.472,0.37,0,"Health","ATP6V1E1"
"Atp6v1e1",787,0,-0.273468039602777,0.37,0.472,0,"CKD","ATP6V1E1"
"Slc25a5",68,0,0.272163177962266,0.703,0.616,0,"Health","SLC25A5"
"Slc25a5",786,0,-0.272163177962266,0.616,0.703,0,"CKD","SLC25A5"
"Atp5g3",785,0,-0.263645861897533,0.675,0.759,0,"CKD","ATP5MC3"
"Atp5g3",69,0,0.263645861897533,0.759,0.675,0,"Health","ATP5MC3"
"Dbp",784,0,-0.262743936150519,0.107,0.22,0,"CKD","DBP"
"Dbp",70,0,0.262743936150519,0.22,0.107,0,"Health","DBP"
"Slc43a2",71,0,0.261072573977392,0.201,0.089,0,"Health","SLC43A2"
"Slc43a2",783,0,-0.261072573977392,0.089,0.201,0,"CKD","SLC43A2"
"Sec62",72,0,0.259917772083132,0.502,0.404,0,"Health","SEC62"
"Sec62",782,0,-0.259917772083132,0.404,0.502,0,"CKD","SEC62"
"Mgst3",74,0,0.259468855993025,0.304,0.197,0,"Health","MGST3"
"Mgst3",780,0,-0.259468855993025,0.197,0.304,0,"CKD","MGST3"
"Cdh16",75,0,0.257506189121196,0.402,0.311,0,"Health","CDH16"
"Cdh16",779,0,-0.257506189121196,0.311,0.402,0,"CKD","CDH16"
"Kl",76,0,0.255742668107112,0.443,0.361,0,"Health","KL"
"Kl",778,0,-0.255742668107112,0.361,0.443,0,"CKD","KL"
"Ppargc1a",777,0,-0.254957669336226,0.11,0.223,0,"CKD","PPARGC1A"
"Ppargc1a",77,0,0.254957669336226,0.223,0.11,0,"Health","PPARGC1A"
"Ubc",78,0,0.253234698181887,0.5,0.402,0,"Health","UBC"
"Ubc",776,0,-0.253234698181887,0.402,0.5,0,"CKD","UBC"
"mt-Nd3",775,0,-0.251609495775219,0.729,0.764,0,"CKD","MT-ND3"
"mt-Nd3",79,0,0.251609495775219,0.764,0.729,0,"Health","MT-ND3"
"Cyp2d26",774,0,-0.250408201679092,0.061,0.167,0,"CKD","CYP2D6"
"Cyp2d26",80,0,0.250408201679092,0.167,0.061,0,"Health","CYP2D6"
"Cyc1",773,0,-0.247948952728273,0.442,0.535,0,"CKD","CYC1"
"Cyc1",81,0,0.247948952728273,0.535,0.442,0,"Health","CYC1"
"Igfbp5",772,0,-0.247191671516679,0.062,0.155,0,"CKD","IGFBP5"
"Igfbp5",82,0,0.247191671516679,0.155,0.062,0,"Health","IGFBP5"
"Wnk4",83,0,0.246654878650746,0.166,0.071,0,"Health","WNK4"
"Wnk4",771,0,-0.246654878650746,0.071,0.166,0,"CKD","WNK4"
"Epcam",84,0,0.243350251539165,0.126,0.025,0,"Health","EPCAM"
"Epcam",770,0,-0.243350251539165,0.025,0.126,0,"CKD","EPCAM"
"Slc7a8",769,0,-0.241936862876131,0.082,0.186,0,"CKD","SLC7A8"
"Slc7a8",85,0,0.241936862876131,0.186,0.082,0,"Health","SLC7A8"
"Mif",768,0,-0.24180262455815,0.623,0.691,0,"CKD","MIF"
"Mif",86,0,0.24180262455815,0.691,0.623,0,"Health","MIF"
"Scnn1a",87,0,0.241592329742013,0.119,0.018,0,"Health","SCNN1A"
"Scnn1a",767,0,-0.241592329742013,0.018,0.119,0,"CKD","SCNN1A"
"Mdh2",88,0,0.241571172150169,0.4,0.298,0,"Health","MDH2"
"Mdh2",766,0,-0.241571172150169,0.298,0.4,0,"CKD","MDH2"
"Aldoa",89,0,0.240873170877282,0.577,0.49,0,"Health","ALDOA"
"Aldoa",765,0,-0.240873170877282,0.49,0.577,0,"CKD","ALDOA"
"Uqcrfs1",91,0,0.23655357699957,0.558,0.479,0,"Health","UQCRFS1"
"Uqcrfs1",763,0,-0.23655357699957,0.479,0.558,0,"CKD","UQCRFS1"
"Ckb",762,0,-0.23627712086867,0.039,0.125,0,"CKD","CKB"
"Ckb",92,0,0.23627712086867,0.125,0.039,0,"Health","CKB"
"Acaa2",761,0,-0.235879680634037,0.125,0.231,0,"CKD","ACAA2"
"Acaa2",93,0,0.235879680634037,0.231,0.125,0,"Health","ACAA2"
"Slc7a7",759,0,-0.234948844108149,0.084,0.18,0,"CKD","SLC7A7"
"Slc7a7",95,0,0.234948844108149,0.18,0.084,0,"Health","SLC7A7"
"Tceal9",96,0,0.234693564726503,0.244,0.139,0,"Health","TCEAL9"
"Tceal9",758,0,-0.234693564726503,0.139,0.244,0,"CKD","TCEAL9"
"Eno1",757,0,-0.232120030613415,0.235,0.341,0,"CKD","ENO1"
"Eno1",97,0,0.232120030613415,0.341,0.235,0,"Health","ENO1"
"Mecom",98,0,0.231148984859633,0.115,0.017,0,"Health","MECOM"
"Mecom",756,0,-0.231148984859633,0.017,0.115,0,"CKD","MECOM"
"Tcn2",755,0,-0.230864598690891,0.465,0.538,0,"CKD","TCN2"
"Tcn2",99,0,0.230864598690891,0.538,0.465,0,"Health","TCN2"
"Herpud1",100,0,0.230750967533433,0.369,0.283,0,"Health","HERPUD1"
"Herpud1",754,0,-0.230750967533433,0.283,0.369,0,"CKD","HERPUD1"
"Rhcg",101,0,0.230526584892112,0.104,0.012,0,"Health","RHCG"
"Rhcg",753,0,-0.230526584892112,0.012,0.104,0,"CKD","RHCG"
"Eif3j1",102,0,0.230255925026444,0.169,0.057,0,"Health","EIF3J"
"Eif3j1",752,0,-0.230255925026444,0.057,0.169,0,"CKD","EIF3J"
"Cldn8",103,0,0.228214108972914,0.111,0.015,0,"Health","CLDN8"
"Cldn8",751,0,-0.228214108972914,0.015,0.111,0,"CKD","CLDN8"
"Ndufv1",104,0,0.224914406263819,0.271,0.174,0,"Health","NDUFV1"
"Ndufv1",750,0,-0.224914406263819,0.174,0.271,0,"CKD","NDUFV1"
"Slc25a3",749,0,-0.223770269222105,0.666,0.719,0,"CKD","SLC25A3"
"Slc25a3",105,0,0.223770269222105,0.719,0.666,0,"Health","SLC25A3"
"Ier3",748,0,-0.222199147262909,0.04,0.123,0,"CKD","IER3"
"Ier3",106,0,0.222199147262909,0.123,0.04,0,"Health","IER3"
"Phyh",107,0,0.219011083223471,0.354,0.263,0,"Health","PHYH"
"Phyh",747,0,-0.219011083223471,0.263,0.354,0,"CKD","PHYH"
"Tfcp2l1",746,0,-0.218374434795146,0.152,0.237,0,"CKD","TFCP2L1"
"Tfcp2l1",108,0,0.218374434795146,0.237,0.152,0,"Health","TFCP2L1"
"Cox5a",109,0,0.217109317078213,0.745,0.687,0,"Health","COX5A"
"Cox5a",745,0,-0.217109317078213,0.687,0.745,0,"CKD","COX5A"
"Aif1l",743,0,-0.21246566193851,0.081,0.167,0,"CKD","AIF1L"
"Aif1l",111,0,0.21246566193851,0.167,0.081,0,"Health","AIF1L"
"Cox7a1",112,0,0.210919727936554,0.201,0.113,0,"Health","COX7A1"
"Cox7a1",742,0,-0.210919727936554,0.113,0.201,0,"CKD","COX7A1"
"Ndufs2",741,0,-0.209337680562177,0.306,0.389,0,"CKD","NDUFS2"
"Ndufs2",113,0,0.209337680562177,0.389,0.306,0,"Health","NDUFS2"
"Suclg1",114,0,0.209239251720869,0.383,0.299,0,"Health","SUCLG1"
"Suclg1",740,0,-0.209239251720869,0.299,0.383,0,"CKD","SUCLG1"
"Cnn3",739,0,-0.207959295826793,0.121,0.213,0,"CKD","CNN3"
"Cnn3",115,0,0.207959295826793,0.213,0.121,0,"Health","CNN3"
"Tmem72",738,0,-0.207843434946308,0.017,0.105,0,"CKD","TMEM72"
"Tmem72",116,0,0.207843434946308,0.105,0.017,0,"Health","TMEM72"
"Efhd1",117,0,0.206979801399751,0.103,0.016,0,"Health","EFHD1"
"Efhd1",737,0,-0.206979801399751,0.016,0.103,0,"CKD","EFHD1"
"Krt7",118,0,0.203995529739715,0.102,0.019,0,"Health","KRT7"
"Krt7",736,0,-0.203995529739715,0.019,0.102,0,"CKD","KRT7"
"Atp5c1",119,0,0.202643859525723,0.617,0.558,0,"Health","ATP5F1C"
"Atp5c1",735,0,-0.202643859525723,0.558,0.617,0,"CKD","ATP5F1C"
"Wwp1",734,0,0.200745057309427,0.352,0.224,0,"CKD","WWP1"
"Wwp1",120,0,-0.200745057309427,0.224,0.352,0,"Health","WWP1"
"Gimap4",122,0,-0.202689060616375,0.039,0.121,0,"Health","GIMAP4"
"Gimap4",732,0,0.202689060616375,0.121,0.039,0,"CKD","GIMAP4"
"Mrps33",123,0,-0.204445316305162,0.221,0.354,0,"Health","MRPS33"
"Mrps33",731,0,0.204445316305162,0.354,0.221,0,"CKD","MRPS33"
"Idi1",730,0,0.204990821812793,0.156,0.047,0,"CKD","IDI1"
"Idi1",124,0,-0.204990821812793,0.047,0.156,0,"Health","IDI1"
"Me1",729,0,0.205276349638303,0.381,0.245,0,"CKD","ME1"
"Me1",125,0,-0.205276349638303,0.245,0.381,0,"Health","ME1"
"Ccnd2",728,0,0.206218497620123,0.11,0.03,0,"CKD","CCND2"
"Ccnd2",126,0,-0.206218497620123,0.03,0.11,0,"Health","CCND2"
"Cyp4a10",128,0,-0.206728999793166,0.129,0.248,0,"Health","CYP4F12"
"Cyp4a10",726,0,0.206728999793166,0.248,0.129,0,"CKD","CYP4F12"
"Gpc3",724,0,0.207128647153289,0.126,0.024,0,"CKD","GPC3"
"Gpc3",130,0,-0.207128647153289,0.024,0.126,0,"Health","GPC3"
"Lcp1",131,0,-0.207244177967651,0.029,0.124,0,"Health","LCP1"
"Lcp1",723,0,0.207244177967651,0.124,0.029,0,"CKD","LCP1"
"Lrp2",132,0,-0.207575827628221,0.483,0.628,0,"Health","LRP2"
"Lrp2",722,0,0.207575827628221,0.628,0.483,0,"CKD","LRP2"
"Ets1",721,0,0.207875296744559,0.105,0.022,0,"CKD","ETS1"
"Ets1",133,0,-0.207875296744559,0.022,0.105,0,"Health","ETS1"
"Ankrd11",134,0,-0.20806207000115,0.155,0.275,0,"Health","ANKRD11"
"Ankrd11",720,0,0.20806207000115,0.275,0.155,0,"CKD","ANKRD11"
"Slc22a28",135,0,-0.208589346993504,0.161,0.281,0,"Health","SLC22A9"
"Slc22a28",719,0,0.208589346993504,0.281,0.161,0,"CKD","SLC22A9"
"Gimap1",718,0,0.208980716556731,0.135,0.044,0,"CKD","GIMAP1"
"Gimap1",136,0,-0.208980716556731,0.044,0.135,0,"Health","GIMAP1"
"Fgf1",717,0,0.209427642576684,0.174,0.061,0,"CKD","FGF1"
"Fgf1",137,0,-0.209427642576684,0.061,0.174,0,"Health","FGF1"
"Cdc42se1",716,0,0.210321984798698,0.24,0.116,0,"CKD","CDC42SE1"
"Cdc42se1",138,0,-0.210321984798698,0.116,0.24,0,"Health","CDC42SE1"
"Klf2",139,0,-0.21132163896243,0.046,0.134,0,"Health","KLF2"
"Klf2",715,0,0.21132163896243,0.134,0.046,0,"CKD","KLF2"
"2200002D01Rik",140,0,-0.212309561566177,0.046,0.16,0,"Health","C19orf33"
"2200002D01Rik",714,0,0.212309561566177,0.16,0.046,0,"CKD","C19orf33"
"Rpl14",142,0,-0.213471454597946,0.8,0.93,0,"Health","RPL14"
"Rpl14",712,0,0.213471454597946,0.93,0.8,0,"CKD","RPL14"
"Cd53",711,0,0.213552474768657,0.121,0.027,0,"CKD","CD53"
"Cd53",143,0,-0.213552474768657,0.027,0.121,0,"Health","CD53"
"Actb",710,0,0.213566803858357,0.742,0.649,0,"CKD","ACTB"
"Actb",144,0,-0.213566803858357,0.649,0.742,0,"Health","ACTB"
"Cyb5a",146,0,-0.214480404695981,0.685,0.806,0,"Health","CYB5A"
"Cyb5a",708,0,0.214480404695981,0.806,0.685,0,"CKD","CYB5A"
"Cnn2",707,0,0.21543229826814,0.121,0.028,0,"CKD","CNN2"
"Cnn2",147,0,-0.21543229826814,0.028,0.121,0,"Health","CNN2"
"Rpl31",148,0,-0.215659705314749,0.788,0.924,0,"Health","RPL31"
"Rpl31",706,0,0.215659705314749,0.924,0.788,0,"CKD","RPL31"
"Tmem176a",703,0,0.217290523931404,0.53,0.39,0,"CKD","TMEM176A"
"Tmem176a",151,0,-0.217290523931404,0.39,0.53,0,"Health","TMEM176A"
"Abracl",152,0,-0.217420939302572,0.214,0.351,0,"Health","ABRACL"
"Abracl",702,0,0.217420939302572,0.351,0.214,0,"CKD","ABRACL"
"Cks2",153,0,-0.217717312603335,0.174,0.309,0,"Health","CKS2"
"Cks2",701,0,0.217717312603335,0.309,0.174,0,"CKD","CKS2"
"Hnrnpa3",700,0,0.21925060639274,0.34,0.204,0,"CKD","HNRNPA3"
"Hnrnpa3",154,0,-0.21925060639274,0.204,0.34,0,"Health","HNRNPA3"
"Ybx1",699,0,0.219424514294876,0.869,0.719,0,"CKD","YBX1"
"Ybx1",155,0,-0.219424514294876,0.719,0.869,0,"Health","YBX1"
"Rps26",697,0,0.220163405031354,0.877,0.725,0,"CKD","RPS26"
"Rps26",157,0,-0.220163405031354,0.725,0.877,0,"Health","RPS26"
"Ttr",158,0,-0.220730965573761,0.071,0.172,0,"Health","TTR"
"Ttr",696,0,0.220730965573761,0.172,0.071,0,"CKD","TTR"
"Chpt1",695,0,0.221416740650789,0.756,0.658,0,"CKD","CHPT1"
"Chpt1",159,0,-0.221416740650789,0.658,0.756,0,"Health","CHPT1"
"Smlr1",694,0,0.222349006143548,0.201,0.074,0,"CKD","SMLR1"
"Smlr1",160,0,-0.222349006143548,0.074,0.201,0,"Health","SMLR1"
"Zbtb20",693,0,0.222557545738678,0.617,0.531,0,"CKD","ZBTB20"
"Zbtb20",161,0,-0.222557545738678,0.531,0.617,0,"Health","ZBTB20"
"Mien1",692,0,0.223094980095448,0.53,0.372,0,"CKD","MIEN1"
"Mien1",162,0,-0.223094980095448,0.372,0.53,0,"Health","MIEN1"
"Fgfr1op2",691,0,0.223097171846254,0.285,0.152,0,"CKD","FGFR1OP2"
"Fgfr1op2",163,0,-0.223097171846254,0.152,0.285,0,"Health","FGFR1OP2"
"Cox7a2l",164,0,-0.223538222261586,0.444,0.606,0,"Health","COX7A2L"
"Cox7a2l",690,0,0.223538222261586,0.606,0.444,0,"CKD","COX7A2L"
"Naca",689,0,0.223548412245082,0.77,0.601,0,"CKD","NACA"
"Naca",165,0,-0.223548412245082,0.601,0.77,0,"Health","NACA"
"Scand1",688,0,0.223950379280354,0.56,0.393,0,"CKD","SCAND1"
"Scand1",166,0,-0.223950379280354,0.393,0.56,0,"Health","SCAND1"
"Polr1d",167,0,-0.22399566250115,0.346,0.505,0,"Health","POLR1D"
"Polr1d",687,0,0.22399566250115,0.505,0.346,0,"CKD","POLR1D"
"Gimap3",168,0,-0.224210074597935,0.021,0.11,0,"Health","GIMAP1-GIMAP5"
"Gimap3",686,0,0.224210074597935,0.11,0.021,0,"CKD","GIMAP1-GIMAP5"
"Fkbp1a",685,0,0.224596624780366,0.431,0.275,0,"CKD","FKBP1A"
"Fkbp1a",169,0,-0.224596624780366,0.275,0.431,0,"Health","FKBP1A"
"Cyp4b1",170,0,-0.22475419531039,0.407,0.586,0,"Health","CYP4B1"
"Cyp4b1",684,0,0.22475419531039,0.586,0.407,0,"CKD","CYP4B1"
"Cisd3",683,0,0.224959604665167,0.369,0.231,0,"CKD","CISD3"
"Cisd3",171,0,-0.224959604665167,0.231,0.369,0,"Health","CISD3"
"Acaa1b",172,0,-0.225353329587451,0.237,0.378,0,"Health","ACAA1"
"Acaa1b",682,0,0.225353329587451,0.378,0.237,0,"CKD","ACAA1"
"Rpl36a",173,0,-0.225768652852804,0.73,0.892,0,"Health","RPL36A"
"Rpl36a",681,0,0.225768652852804,0.892,0.73,0,"CKD","RPL36A"
"Cfl1",174,0,-0.225808485085119,0.434,0.564,0,"Health","CFL1"
"Cfl1",680,0,0.225808485085119,0.564,0.434,0,"CKD","CFL1"
"Gpx4",175,0,-0.225855126457492,0.742,0.858,0,"Health","GPX4"
"Gpx4",679,0,0.225855126457492,0.858,0.742,0,"CKD","GPX4"
"Ubb",176,0,-0.226408771831269,0.585,0.731,0,"Health","UBB"
"Ubb",678,0,0.226408771831269,0.731,0.585,0,"CKD","UBB"
"mt-Co2",677,0,0.226446617186459,0.993,0.872,0,"CKD","MT-CO2"
"mt-Co2",177,0,-0.226446617186459,0.872,0.993,0,"Health","MT-CO2"
"Msn",676,0,0.226748553192859,0.247,0.117,0,"CKD","MSN"
"Msn",178,0,-0.226748553192859,0.117,0.247,0,"Health","MSN"
"Cyba",675,0,0.227558504810267,0.685,0.514,0,"CKD","CYBA"
"Cyba",179,0,-0.227558504810267,0.514,0.685,0,"Health","CYBA"
"Rpl8",180,0,-0.22803216804139,0.777,0.908,0,"Health","RPL8"
"Rpl8",674,0,0.22803216804139,0.908,0.777,0,"CKD","RPL8"
"Serpinf2",673,0,0.228515215065013,0.271,0.131,0,"CKD","SERPINF2"
"Serpinf2",181,0,-0.228515215065013,0.131,0.271,0,"Health","SERPINF2"
"Agps",672,0,0.228613627233411,0.261,0.122,0,"CKD","AGPS"
"Agps",182,0,-0.228613627233411,0.122,0.261,0,"Health","AGPS"
"Rap1b",671,0,0.228931779998627,0.288,0.16,0,"CKD","RAP1B"
"Rap1b",183,0,-0.228931779998627,0.16,0.288,0,"Health","RAP1B"
"Slc10a2",669,0,0.22931464344518,0.172,0.047,0,"CKD","SLC10A2"
"Slc10a2",185,0,-0.22931464344518,0.047,0.172,0,"Health","SLC10A2"
"Col4a3",187,0,-0.229841475933301,0.114,0.243,0,"Health","COL4A3"
"Col4a3",667,0,0.229841475933301,0.243,0.114,0,"CKD","COL4A3"
"Rps8",189,0,-0.230632619643961,0.828,0.95,0,"Health","RPS8"
"Rps8",665,0,0.230632619643961,0.95,0.828,0,"CKD","RPS8"
"Tpt1",664,0,0.23069615225745,0.985,0.894,0,"CKD","TPT1"
"Tpt1",190,0,-0.23069615225745,0.894,0.985,0,"Health","TPT1"
"H3f3b",663,0,0.230903982693588,0.712,0.548,0,"CKD","H3-5"
"H3f3b",191,0,-0.230903982693588,0.548,0.712,0,"Health","H3-5"
"B4galt5",192,0,-0.231328087799024,0.073,0.207,0,"Health","B4GALT5"
"B4galt5",662,0,0.231328087799024,0.207,0.073,0,"CKD","B4GALT5"
"Rpl3",193,0,-0.232833476875887,0.677,0.826,0,"Health","RPL3"
"Rpl3",661,0,0.232833476875887,0.826,0.677,0,"CKD","RPL3"
"Mrpl57",660,0,0.234793863611701,0.418,0.264,0,"CKD","MRPL57"
"Mrpl57",194,0,-0.234793863611701,0.264,0.418,0,"Health","MRPL57"
"Nt5e",659,0,0.235267344819599,0.141,0.017,0,"CKD","NT5E"
"Nt5e",195,0,-0.235267344819599,0.017,0.141,0,"Health","NT5E"
"Erich4",196,0,-0.235664193285646,0.193,0.34,0,"Health","ERICH4"
"Erich4",658,0,0.235664193285646,0.34,0.193,0,"CKD","ERICH4"
"Arhgap45",197,0,-0.236624516558917,0.028,0.13,0,"Health","ARHGAP45"
"Arhgap45",657,0,0.236624516558917,0.13,0.028,0,"CKD","ARHGAP45"
"Slc51b",198,0,-0.236769922943602,0.095,0.225,0,"Health","SLC51B"
"Slc51b",656,0,0.236769922943602,0.225,0.095,0,"CKD","SLC51B"
"Rpl23",199,0,-0.236818076042444,0.865,0.974,0,"Health","RPL23"
"Rpl23",655,0,0.236818076042444,0.974,0.865,0,"CKD","RPL23"
"Ugt3a1",654,0,0.236869295231668,0.225,0.088,0,"CKD","UGT3A2"
"Ugt3a1",200,0,-0.236869295231668,0.088,0.225,0,"Health","UGT3A2"
"Mylk",201,0,-0.237241731415093,0.047,0.171,0,"Health","MYLK"
"Mylk",653,0,0.237241731415093,0.171,0.047,0,"CKD","MYLK"
"H3f3a",652,0,0.238425881929251,0.647,0.488,0,"CKD","H3-3A"
"H3f3a",202,0,-0.238425881929251,0.488,0.647,0,"Health","H3-3A"
"Rpl22l1",203,0,-0.238852539166246,0.513,0.69,0,"Health","RPL22L1"
"Rpl22l1",651,0,0.238852539166246,0.69,0.513,0,"CKD","RPL22L1"
"Eif3f",205,0,-0.240246948207645,0.347,0.494,0,"Health","EIF3F"
"Eif3f",649,0,0.240246948207645,0.494,0.347,0,"CKD","EIF3F"
"Arpc4",648,0,0.240453099261796,0.231,0.1,0,"CKD","ARPC4"
"Arpc4",206,0,-0.240453099261796,0.1,0.231,0,"Health","ARPC4"
"Sft2d1",647,0,0.241572142833143,0.171,0.035,0,"CKD","SFT2D1"
"Sft2d1",207,0,-0.241572142833143,0.035,0.171,0,"Health","SFT2D1"
"Serp1",646,0,0.242162504958379,0.42,0.264,0,"CKD","SERP1"
"Serp1",208,0,-0.242162504958379,0.264,0.42,0,"Health","SERP1"
"Ptprcap",645,0,0.242782243416019,0.119,0.024,0,"CKD","PTPRCAP"
"Ptprcap",209,0,-0.242782243416019,0.024,0.119,0,"Health","PTPRCAP"
"Rpl24",210,0,-0.243335662581963,0.81,0.948,0,"Health","RPL24"
"Rpl24",644,0,0.243335662581963,0.948,0.81,0,"CKD","RPL24"
"Npm3",643,0,0.244524051536676,0.245,0.104,0,"CKD","NPM3"
"Npm3",211,0,-0.244524051536676,0.104,0.245,0,"Health","NPM3"
"Slfn2",642,0,0.244615092773092,0.126,0.024,0,"CKD","SLFN12"
"Slfn2",212,0,-0.244615092773092,0.024,0.126,0,"Health","SLFN12"
"Selenok",213,0,-0.244804445691021,0.344,0.513,0,"Health","SELENOK"
"Selenok",641,0,0.244804445691021,0.513,0.344,0,"CKD","SELENOK"
"Cyp4a31",640,0,0.244840179765119,0.235,0.098,0,"CKD","CYP4F12"
"Cyp4a31",214,0,-0.244840179765119,0.098,0.235,0,"Health","CYP4F12"
"H2-Q7",216,0,-0.245023458594428,0.023,0.121,0,"Health","HLA-E"
"H2-Q7",638,0,0.245023458594428,0.121,0.023,0,"CKD","HLA-E"
"Trbc1",217,0,-0.245231747735251,0.019,0.103,0,"Health","TRBC1"
"Trbc1",637,0,0.245231747735251,0.103,0.019,0,"CKD","TRBC1"
"H2-T22",636,0,0.246140307893204,0.21,0.077,0,"CKD","HLA-E"
"H2-T22",218,0,-0.246140307893204,0.077,0.21,0,"Health","HLA-E"
"Cycs",219,0,-0.246299000091498,0.649,0.796,0,"Health","CYCS"
"Cycs",635,0,0.246299000091498,0.796,0.649,0,"CKD","CYCS"
"Ube2i",634,0,0.247098032689358,0.235,0.098,0,"CKD","UBE2I"
"Ube2i",220,0,-0.247098032689358,0.098,0.235,0,"Health","UBE2I"
"Set",221,0,-0.247455548911898,0.23,0.381,0,"Health","SETSIP"
"Set",633,0,0.247455548911898,0.381,0.23,0,"CKD","SETSIP"
"Fyb",223,0,-0.251365621153201,0.032,0.134,0,"Health","FYB1"
"Fyb",631,0,0.251365621153201,0.134,0.032,0,"CKD","FYB1"
"Mkrn1",630,0,0.251396509509032,0.304,0.152,0,"CKD","MKRN1"
"Mkrn1",224,0,-0.251396509509032,0.152,0.304,0,"Health","MKRN1"
"Reep5",225,0,-0.252190728793827,0.191,0.347,0,"Health","REEP5"
"Reep5",629,0,0.252190728793827,0.347,0.191,0,"CKD","REEP5"
"Slco1a1",226,0,-0.25250988371479,0.06,0.206,0,"Health","SLCO1A2"
"Slco1a1",628,0,0.25250988371479,0.206,0.06,0,"CKD","SLCO1A2"
"Selplg",627,0,0.252550669331049,0.131,0.025,0,"CKD","SELPLG"
"Selplg",227,0,-0.252550669331049,0.025,0.131,0,"Health","SELPLG"
"Trmt112",228,0,-0.253720870220761,0.169,0.323,0,"Health","TRMT112"
"Trmt112",626,0,0.253720870220761,0.323,0.169,0,"CKD","TRMT112"
"Rdh16f2",229,0,-0.253810389415094,0.151,0.291,0,"Health","RDH16"
"Rdh16f2",625,0,0.253810389415094,0.291,0.151,0,"CKD","RDH16"
"Gclm",624,0,0.253874968898029,0.387,0.234,0,"CKD","GCLM"
"Gclm",230,0,-0.253874968898029,0.234,0.387,0,"Health","GCLM"
"Thy1",231,0,-0.253928877729772,0.013,0.108,0,"Health","THY1"
"Thy1",623,0,0.253928877729772,0.108,0.013,0,"CKD","THY1"
"Srgn",621,0,0.255775699045214,0.152,0.043,0,"CKD","SRGN"
"Srgn",233,0,-0.255775699045214,0.043,0.152,0,"Health","SRGN"
"Gnai2",620,0,0.257002682938709,0.324,0.182,0,"CKD","GNAI2"
"Gnai2",234,0,-0.257002682938709,0.182,0.324,0,"Health","GNAI2"
"Junb",619,0,0.257611163365402,0.174,0.059,0,"CKD","JUNB"
"Junb",235,0,-0.257611163365402,0.059,0.174,0,"Health","JUNB"
"Eef1a1",616,0,0.259491837736796,0.974,0.862,0,"CKD","EEF1A1"
"Eef1a1",238,0,-0.259491837736796,0.862,0.974,0,"Health","EEF1A1"
"Gchfr",615,0,0.259896735721177,0.299,0.147,0,"CKD","GCHFR"
"Gchfr",239,0,-0.259896735721177,0.147,0.299,0,"Health","GCHFR"
"mt-Atp6",614,0,0.260946988339125,0.999,0.91,0,"CKD","MT-ATP6"
"mt-Atp6",240,0,-0.260946988339125,0.91,0.999,0,"Health","MT-ATP6"
"Hspe1",241,0,-0.261454837012956,0.645,0.816,0,"Health","HSPE1"
"Hspe1",613,0,0.261454837012956,0.816,0.645,0,"CKD","HSPE1"
"Zfp706",612,0,0.261627884696963,0.658,0.475,0,"CKD","ZNF706"
"Zfp706",242,0,-0.261627884696963,0.475,0.658,0,"Health","ZNF706"
"Manf",610,0,0.262788635273592,0.298,0.142,0,"CKD","MANF"
"Manf",244,0,-0.262788635273592,0.142,0.298,0,"Health","MANF"
"Ttc36",609,0,0.263588882625435,0.744,0.612,0,"CKD","TTC36"
"Ttc36",245,0,-0.263588882625435,0.612,0.744,0,"Health","TTC36"
"Slc5a8",608,0,0.263683956646937,0.338,0.176,0,"CKD","SLC5A8"
"Slc5a8",246,0,-0.263683956646937,0.176,0.338,0,"Health","SLC5A8"
"Rpl13",247,0,-0.263706866151043,0.877,0.979,0,"Health","RPL13"
"Rpl13",607,0,0.263706866151043,0.979,0.877,0,"CKD","RPL13"
"Jund",248,0,-0.263922994697129,0.308,0.468,0,"Health","JUND"
"Jund",606,0,0.263922994697129,0.468,0.308,0,"CKD","JUND"
"Rpl32",605,0,0.264936913519391,0.978,0.869,0,"CKD","RPL32"
"Rpl32",249,0,-0.264936913519391,0.869,0.978,0,"Health","RPL32"
"Rpl34",603,0,0.265738034211699,0.907,0.741,0,"CKD","RPL34"
"Rpl34",251,0,-0.265738034211699,0.741,0.907,0,"Health","RPL34"
"S100a4",252,0,-0.267774523236419,0.017,0.109,0,"Health","S100A4"
"S100a4",602,0,0.267774523236419,0.109,0.017,0,"CKD","S100A4"
"Rpl28",253,0,-0.267833523323186,0.819,0.959,0,"Health","RPL28"
"Rpl28",601,0,0.267833523323186,0.959,0.819,0,"CKD","RPL28"
"Eif3h",599,0,0.267997709317914,0.503,0.336,0,"CKD","EIF3H"
"Eif3h",255,0,-0.267997709317914,0.336,0.503,0,"Health","EIF3H"
"Tmigd1",256,0,-0.268131793633213,0.126,0.29,0,"Health","TMIGD1"
"Tmigd1",598,0,0.268131793633213,0.29,0.126,0,"CKD","TMIGD1"
"Gmfg",596,0,0.268639785166775,0.166,0.049,0,"CKD","GMFG"
"Gmfg",258,0,-0.268639785166775,0.049,0.166,0,"Health","GMFG"
"Nkg7",595,0,0.269576759484012,0.106,0.025,0,"CKD","NKG7"
"Nkg7",259,0,-0.269576759484012,0.025,0.106,0,"Health","NKG7"
"Emp3",594,0,0.26970596685217,0.139,0.029,0,"CKD","EMP3"
"Emp3",260,0,-0.26970596685217,0.029,0.139,0,"Health","EMP3"
"Lsp1",261,0,-0.27052112339306,0.027,0.137,0,"Health","LSP1"
"Lsp1",593,0,0.27052112339306,0.137,0.027,0,"CKD","LSP1"
"Tmed2",592,0,0.270798195991132,0.425,0.252,0,"CKD","TMED2"
"Tmed2",262,0,-0.270798195991132,0.252,0.425,0,"Health","TMED2"
"Rps25",591,0,0.271546805340836,0.943,0.792,0,"CKD","RPS25"
"Rps25",263,0,-0.271546805340836,0.792,0.943,0,"Health","RPS25"
"Psenen",590,0,0.272283460946296,0.384,0.211,0,"CKD","PSENEN"
"Psenen",264,0,-0.272283460946296,0.211,0.384,0,"Health","PSENEN"
"Rplp1",265,0,-0.272989273050947,0.881,0.983,0,"Health","RPLP1"
"Rplp1",589,0,0.272989273050947,0.983,0.881,0,"CKD","RPLP1"
"Zfp36l2",266,0,-0.273454757928318,0.098,0.226,0,"Health","ZFP36L2"
"Zfp36l2",588,0,0.273454757928318,0.226,0.098,0,"CKD","ZFP36L2"
"Hnrnpf",586,0,0.275035319350621,0.383,0.226,0,"CKD","HNRNPF"
"Hnrnpf",268,0,-0.275035319350621,0.226,0.383,0,"Health","HNRNPF"
"Lat",269,0,-0.27658409984865,0.017,0.123,0,"Health","LAT"
"Lat",585,0,0.27658409984865,0.123,0.017,0,"CKD","LAT"
"Ucp2",584,0,0.276639844827849,0.267,0.122,0,"CKD","UCP2"
"Ucp2",270,0,-0.276639844827849,0.122,0.267,0,"Health","UCP2"
"Rpl19",583,0,0.277499299953313,0.942,0.804,0,"CKD","RPL19"
"Rpl19",271,0,-0.277499299953313,0.804,0.942,0,"Health","RPL19"
"Nme2",582,0,0.277512642315929,0.235,0.079,0,"CKD","NME2"
"Nme2",272,0,-0.277512642315929,0.079,0.235,0,"Health","NME2"
"Rps4x",581,0,0.27764420707496,0.901,0.748,0,"CKD","RPS4X"
"Rps4x",273,0,-0.27764420707496,0.748,0.901,0,"Health","RPS4X"
"Rps23",274,0,-0.278520856416654,0.855,0.975,0,"Health","RPS23"
"Rps23",580,0,0.278520856416654,0.975,0.855,0,"CKD","RPS23"
"Rps3",579,0,0.279844985641806,0.894,0.737,0,"CKD","RPS3"
"Rps3",275,0,-0.279844985641806,0.737,0.894,0,"Health","RPS3"
"Rnaset2b",276,0,-0.280113688581264,0.052,0.205,0,"Health","RNASET2"
"Rnaset2b",578,0,0.280113688581264,0.205,0.052,0,"CKD","RNASET2"
"Oaz1",576,0,0.280742971532378,0.89,0.707,0,"CKD","OAZ1"
"Oaz1",278,0,-0.280742971532378,0.707,0.89,0,"Health","OAZ1"
"Tmem150a",575,0,0.282396662572844,0.327,0.162,0,"CKD","TMEM150A"
"Tmem150a",279,0,-0.282396662572844,0.162,0.327,0,"Health","TMEM150A"
"Ptprc",280,0,-0.282415662115212,0.035,0.153,0,"Health","PTPRC"
"Ptprc",574,0,0.282415662115212,0.153,0.035,0,"CKD","PTPRC"
"Shisa5",573,0,0.282500490428306,0.255,0.13,0,"CKD","SHISA5"
"Shisa5",281,0,-0.282500490428306,0.13,0.255,0,"Health","SHISA5"
"Rps15",572,0,0.28291596833887,0.935,0.785,0,"CKD","RPS15"
"Rps15",282,0,-0.28291596833887,0.785,0.935,0,"Health","RPS15"
"Tsc22d1",283,0,-0.283265604310066,0.283,0.436,0,"Health","TSC22D1"
"Tsc22d1",571,0,0.283265604310066,0.436,0.283,0,"CKD","TSC22D1"
"Tpm3",285,0,-0.285307311953912,0.117,0.269,0,"Health","TPM3"
"Tpm3",569,0,0.285307311953912,0.269,0.117,0,"CKD","TPM3"
"Lrrc58",568,0,0.285395261661426,0.355,0.189,0,"CKD","LRRC58"
"Lrrc58",286,0,-0.285395261661426,0.189,0.355,0,"Health","LRRC58"
"Id2",287,0,-0.285590119710431,0.462,0.658,0,"Health","ID2"
"Id2",567,0,0.285590119710431,0.658,0.462,0,"CKD","ID2"
"Fau",566,0,0.286620128068968,0.97,0.86,0,"CKD","FAU"
"Fau",288,0,-0.286620128068968,0.86,0.97,0,"Health","FAU"
"Vim",565,0,0.287495478000144,0.133,0.026,0,"CKD","VIM"
"Vim",289,0,-0.287495478000144,0.026,0.133,0,"Health","VIM"
"Ppdpf",563,0,0.289231174709476,0.446,0.259,0,"CKD","PPDPF"
"Ppdpf",291,0,-0.289231174709476,0.259,0.446,0,"Health","PPDPF"
"Rpl18a",292,0,-0.291662927064098,0.82,0.956,0,"Health","RPL18A"
"Rpl18a",562,0,0.291662927064098,0.956,0.82,0,"CKD","RPL18A"
"Lck",561,0,0.291825583402576,0.13,0.021,0,"CKD","LCK"
"Lck",293,0,-0.291825583402576,0.021,0.13,0,"Health","LCK"
"Limd2",294,0,-0.293043141216219,0.056,0.18,0,"Health","LIMD2"
"Limd2",560,0,0.293043141216219,0.18,0.056,0,"CKD","LIMD2"
"Slc13a3",295,0,-0.294402086552015,0.265,0.458,0,"Health","SLC13A3"
"Slc13a3",559,0,0.294402086552015,0.458,0.265,0,"CKD","SLC13A3"
"Sat1",558,0,0.294521357623423,0.638,0.451,0,"CKD","SAT1"
"Sat1",296,0,-0.294521357623423,0.451,0.638,0,"Health","SAT1"
"Rpl23a",297,0,-0.295864527656501,0.805,0.951,0,"Health","RPL23A"
"Rpl23a",557,0,0.295864527656501,0.951,0.805,0,"CKD","RPL23A"
"Srp9",556,0,0.296256915011032,0.522,0.323,0,"CKD","SRP9"
"Srp9",298,0,-0.296256915011032,0.323,0.522,0,"Health","SRP9"
"Cd36",554,0,0.296701591763026,0.242,0.068,0,"CKD","CD36"
"Cd36",300,0,-0.296701591763026,0.068,0.242,0,"Health","CD36"
"Ms4a6b",553,0,0.296796908647862,0.137,0.021,0,"CKD","MS4A6A"
"Ms4a6b",301,0,-0.296796908647862,0.021,0.137,0,"Health","MS4A6A"
"Rpl22",302,0,-0.296813056691901,0.641,0.839,0,"Health","RPL22"
"Rpl22",552,0,0.296813056691901,0.839,0.641,0,"CKD","RPL22"
"Mrpl33",304,0,-0.297402490286659,0.34,0.538,0,"Health","MRPL33"
"Mrpl33",550,0,0.297402490286659,0.538,0.34,0,"CKD","MRPL33"
"Nhp2",305,0,-0.297826889087532,0.163,0.34,0,"Health","NHP2"
"Nhp2",549,0,0.297826889087532,0.34,0.163,0,"CKD","NHP2"
"Tma7",548,0,0.298083329372743,0.7,0.489,0,"CKD","TMA7"
"Tma7",306,0,-0.298083329372743,0.489,0.7,0,"Health","TMA7"
"H2-K1",307,0,-0.298746641047906,0.219,0.351,0,"Health","HLA-E"
"H2-K1",547,0,0.298746641047906,0.351,0.219,0,"CKD","HLA-E"
"S100a11",308,0,-0.299159372054002,0.234,0.407,0,"Health","S100A11"
"S100a11",546,0,0.299159372054002,0.407,0.234,0,"CKD","S100A11"
"Btf3",310,0,-0.299667114364195,0.415,0.61,0,"Health","BTF3"
"Btf3",544,0,0.299667114364195,0.61,0.415,0,"CKD","BTF3"
"Krtcap2",543,0,0.300420374957022,0.457,0.265,0,"CKD","KRTCAP2"
"Krtcap2",311,0,-0.300420374957022,0.265,0.457,0,"Health","KRTCAP2"
"Rack1",542,0,0.301076225940058,0.709,0.515,0,"CKD","RACK1"
"Rack1",312,0,-0.301076225940058,0.515,0.709,0,"Health","RACK1"
"Rps5",313,0,-0.301755337910544,0.771,0.928,0,"Health","RPS5"
"Rps5",541,0,0.301755337910544,0.928,0.771,0,"CKD","RPS5"
"Ptpn18",540,0,0.303625412166492,0.199,0.085,0,"CKD","PTPN18"
"Ptpn18",314,0,-0.303625412166492,0.085,0.199,0,"Health","PTPN18"
"Rps9",539,0,0.304374181660663,0.917,0.754,0,"CKD","RPS9"
"Rps9",315,0,-0.304374181660663,0.754,0.917,0,"Health","RPS9"
"Rpl10a",316,0,-0.304552585807629,0.7,0.882,0,"Health","RPL10A"
"Rpl10a",538,0,0.304552585807629,0.882,0.7,0,"CKD","RPL10A"
"1700016C15Rik",537,0,0.304912878275767,0.252,0.085,0,"CKD","C1orf100"
"1700016C15Rik",317,0,-0.304912878275767,0.085,0.252,0,"Health","C1orf100"
"Rps24",536,0,0.306112982519415,0.956,0.814,0,"CKD","RPS24"
"Rps24",318,0,-0.306112982519415,0.814,0.956,0,"Health","RPS24"
"Rpl15",535,0,0.306162445415862,0.883,0.699,0,"CKD","RPL15"
"Rpl15",319,0,-0.306162445415862,0.699,0.883,0,"Health","RPL15"
"Hcst",534,0,0.308204960155681,0.153,0.032,0,"CKD","HCST"
"Hcst",320,0,-0.308204960155681,0.032,0.153,0,"Health","HCST"
"S100a6",533,0,0.308322838137796,0.157,0.048,0,"CKD","S100A6"
"S100a6",321,0,-0.308322838137796,0.048,0.157,0,"Health","S100A6"
"Rps20",532,0,0.308884898779128,0.933,0.763,0,"CKD","RPS20"
"Rps20",322,0,-0.308884898779128,0.763,0.933,0,"Health","RPS20"
"Msrb1",323,0,-0.310972428015973,0.413,0.606,0,"Health","MSRB1"
"Msrb1",531,0,0.310972428015973,0.606,0.413,0,"CKD","MSRB1"
"Rpsa",530,0,0.311405585112712,0.85,0.666,0,"CKD","RPSAP58"
"Rpsa",324,0,-0.311405585112712,0.666,0.85,0,"Health","RPSAP58"
"Mat2a",325,0,-0.312216092542156,0.381,0.52,0,"Health","MAT2A"
"Mat2a",529,0,0.312216092542156,0.52,0.381,0,"CKD","MAT2A"
"Med28",326,0,-0.312478203874603,0.285,0.485,0,"Health","MED28"
"Med28",528,0,0.312478203874603,0.485,0.285,0,"CKD","MED28"
"Btg1",527,0,0.312962089131733,0.323,0.216,0,"CKD","BTG1"
"Btg1",327,0,-0.312962089131733,0.216,0.323,0,"Health","BTG1"
"Cdk2ap2",328,0,-0.313544042783486,0.189,0.382,0,"Health","CDK2AP2"
"Cdk2ap2",526,0,0.313544042783486,0.382,0.189,0,"CKD","CDK2AP2"
"Crip1",525,0,0.314087753023006,0.227,0.11,0,"CKD","CRIP1"
"Crip1",329,0,-0.314087753023006,0.11,0.227,0,"Health","CRIP1"
"Rpl7",330,0,-0.314091371840328,0.694,0.882,0,"Health","RPL7"
"Rpl7",524,0,0.314091371840328,0.882,0.694,0,"CKD","RPL7"
"Rps3a1",331,0,-0.314726049087429,0.748,0.918,0,"Health","RPS3A"
"Rps3a1",523,0,0.314726049087429,0.918,0.748,0,"CKD","RPS3A"
"Tomm20",522,0,0.315357669100832,0.612,0.39,0,"CKD","TOMM20"
"Tomm20",332,0,-0.315357669100832,0.39,0.612,0,"Health","TOMM20"
"Psmb8",334,0,-0.315990344772423,0.044,0.174,0,"Health","PSMB8"
"Psmb8",520,0,0.315990344772423,0.174,0.044,0,"CKD","PSMB8"
"Mrps36",517,0,0.321318406678763,0.525,0.317,0,"CKD","MRPS36"
"Mrps36",337,0,-0.321318406678763,0.317,0.525,0,"Health","MRPS36"
"Laptm5",515,0,0.323921314463992,0.164,0.033,0,"CKD","LAPTM5"
"Laptm5",339,0,-0.323921314463992,0.033,0.164,0,"Health","LAPTM5"
"Arpc1b",514,0,0.324488512292343,0.233,0.106,0,"CKD","ARPC1B"
"Arpc1b",340,0,-0.324488512292343,0.106,0.233,0,"Health","ARPC1B"
"Nuak2",341,0,-0.326939739203282,0.078,0.247,0,"Health","NUAK2"
"Nuak2",513,0,0.326939739203282,0.247,0.078,0,"CKD","NUAK2"
"Cd3d",512,0,0.327706916058389,0.14,0.022,0,"CKD","CD3D"
"Cd3d",342,0,-0.327706916058389,0.022,0.14,0,"Health","CD3D"
"Rps11",343,0,-0.32787267840657,0.8,0.957,0,"Health","RPS11"
"Rps11",511,0,0.32787267840657,0.957,0.8,0,"CKD","RPS11"
"Rpl35a",344,0,-0.328755049421914,0.815,0.973,0,"Health","RPL35A"
"Rpl35a",510,0,0.328755049421914,0.973,0.815,0,"CKD","RPL35A"
"Atp5g2",346,0,-0.33024852389527,0.491,0.734,0,"Health","ATP5MC2"
"Atp5g2",508,0,0.33024852389527,0.734,0.491,0,"CKD","ATP5MC2"
"Rps13",507,0,0.333188331010744,0.914,0.733,0,"CKD","RPS13"
"Rps13",347,0,-0.333188331010744,0.733,0.914,0,"Health","RPS13"
"Rps16",348,0,-0.333626627131617,0.794,0.953,0,"Health","RPS16"
"Rps16",506,0,0.333626627131617,0.953,0.794,0,"CKD","RPS16"
"Rbm3",349,0,-0.334238058428195,0.172,0.357,0,"Health","RBM3"
"Rbm3",505,0,0.334238058428195,0.357,0.172,0,"CKD","RBM3"
"Ltb",504,0,0.336510302404038,0.14,0.024,0,"CKD","LTB"
"Ltb",350,0,-0.336510302404038,0.024,0.14,0,"Health","LTB"
"Eef1g",503,0,0.336512606042194,0.66,0.442,0,"CKD","EEF1G"
"Eef1g",351,0,-0.336512606042194,0.442,0.66,0,"Health","EEF1G"
"Cd3g",354,0,-0.343549830793548,0.023,0.143,0,"Health","CD3G"
"Cd3g",500,0,0.343549830793548,0.143,0.023,0,"CKD","CD3G"
"Cda",499,0,0.343928819220265,0.554,0.343,0,"CKD","CDA"
"Cda",355,0,-0.343928819220265,0.343,0.554,0,"Health","CDA"
"Rps19",497,0,0.344587601252464,0.98,0.853,0,"CKD","RPS19"
"Rps19",357,0,-0.344587601252464,0.853,0.98,0,"Health","RPS19"
"Odc1",495,0,0.347194877227491,0.55,0.352,0,"CKD","ODC1"
"Odc1",359,0,-0.347194877227491,0.352,0.55,0,"Health","ODC1"
"Dnajc19",360,0,-0.350648713904564,0.49,0.697,0,"Health","DNAJC19"
"Dnajc19",494,0,0.350648713904564,0.697,0.49,0,"CKD","DNAJC19"
"Actg1",361,0,-0.351892120134201,0.448,0.66,0,"Health","ACTG1"
"Actg1",493,0,0.351892120134201,0.66,0.448,0,"CKD","ACTG1"
"Napsa",492,0,0.352787664251745,0.457,0.238,0,"CKD","NAPSA"
"Napsa",362,0,-0.352787664251745,0.238,0.457,0,"Health","NAPSA"
"Igkc",364,0,-0.35761641195383,0.032,0.216,0,"Health","IGKC"
"Igkc",490,0,0.35761641195383,0.216,0.032,0,"CKD","IGKC"
"Rpl30",365,0,-0.358357166411317,0.65,0.867,0,"Health","RPL30"
"Rpl30",489,0,0.358357166411317,0.867,0.65,0,"CKD","RPL30"
"Ms4a4b",488,0,0.358887415652865,0.143,0.017,0,"CKD","MS4A4A"
"Ms4a4b",366,0,-0.358887415652865,0.017,0.143,0,"Health","MS4A4A"
"Eef1b2",487,0,0.359469719454851,0.652,0.422,0,"CKD","EEF1B2"
"Eef1b2",367,0,-0.359469719454851,0.422,0.652,0,"Health","EEF1B2"
"Pabpc1",369,0,-0.361782882312824,0.357,0.583,0,"Health","PABPC3"
"Pabpc1",485,0,0.361782882312824,0.583,0.357,0,"CKD","PABPC3"
"Slc13a1",370,0,-0.361893997959721,0.21,0.392,0,"Health","SLC13A1"
"Slc13a1",484,0,0.361893997959721,0.392,0.21,0,"CKD","SLC13A1"
"Mpv17l",483,0,0.364964972838263,0.373,0.165,0,"CKD","MPV17L"
"Mpv17l",371,0,-0.364964972838263,0.165,0.373,0,"Health","MPV17L"
"Rps7",372,0,-0.367156622412795,0.701,0.888,0,"Health","RPS7"
"Rps7",482,0,0.367156622412795,0.888,0.701,0,"CKD","RPS7"
"H2-D1",374,0,-0.367432538989594,0.206,0.354,0,"Health","HLA-E"
"H2-D1",480,0,0.367432538989594,0.354,0.206,0,"CKD","HLA-E"
"Dynll1",479,0,0.368943508641709,0.596,0.355,0,"CKD","DYNLL1"
"Dynll1",375,0,-0.368943508641709,0.355,0.596,0,"Health","DYNLL1"
"Pfn1",478,0,0.371177352205086,0.729,0.522,0,"CKD","PFN1"
"Pfn1",376,0,-0.371177352205086,0.522,0.729,0,"Health","PFN1"
"Rps2",476,0,0.377225421995053,0.97,0.801,0,"CKD","RPS2"
"Rps2",378,0,-0.377225421995053,0.801,0.97,0,"Health","RPS2"
"Arhgdib",475,0,0.37917543188885,0.192,0.046,0,"CKD","ARHGDIB"
"Arhgdib",379,0,-0.37917543188885,0.046,0.192,0,"Health","ARHGDIB"
"Cd74",380,0,-0.381227008983671,0.04,0.209,0,"Health","CD74"
"Cd74",474,0,0.381227008983671,0.209,0.04,0,"CKD","CD74"
"Trbc2",473,0,0.384164631148239,0.158,0.027,0,"CKD","TRBC1"
"Trbc2",381,0,-0.384164631148239,0.027,0.158,0,"Health","TRBC1"
"Rpl4",472,0,0.38462933438342,0.842,0.613,0,"CKD","RPL4"
"Rpl4",382,0,-0.38462933438342,0.613,0.842,0,"Health","RPL4"
"Rps6",471,0,0.38602406002445,0.907,0.698,0,"CKD","RPS6"
"Rps6",383,0,-0.38602406002445,0.698,0.907,0,"Health","RPS6"
"Slc22a30",470,0,0.389899831580733,0.363,0.183,0,"CKD","SLC22A9"
"Slc22a30",384,0,-0.389899831580733,0.183,0.363,0,"Health","SLC22A9"
"Rpl18",385,0,-0.393779936749888,0.631,0.849,0,"Health","RPL18"
"Rpl18",469,0,0.393779936749888,0.849,0.631,0,"CKD","RPL18"
"Slc6a18",386,0,-0.393826512105154,0.127,0.346,0,"Health","SLC6A18"
"Slc6a18",468,0,0.393826512105154,0.346,0.127,0,"CKD","SLC6A18"
"Rpl12",387,0,-0.396197379908782,0.563,0.802,0,"Health","RPL12"
"Rpl12",467,0,0.396197379908782,0.802,0.563,0,"CKD","RPL12"
"Ldhd",466,0,0.39666355891859,0.421,0.189,0,"CKD","LDHD"
"Ldhd",388,0,-0.39666355891859,0.189,0.421,0,"Health","LDHD"
"Slc22a12",465,0,0.40139871550118,0.572,0.341,0,"CKD","SLC22A12"
"Slc22a12",389,0,-0.40139871550118,0.341,0.572,0,"Health","SLC22A12"
"Acy3",464,0,0.413270567044106,0.625,0.381,0,"CKD","ACY3"
"Acy3",390,0,-0.413270567044106,0.381,0.625,0,"Health","ACY3"
"Coro1a",463,0,0.41458628389484,0.199,0.044,0,"CKD","CORO1A"
"Coro1a",391,0,-0.41458628389484,0.044,0.199,0,"Health","CORO1A"
"Nat8f6",393,0,-0.423159786930466,0.11,0.323,0,"Health","NAT8"
"Nat8f6",461,0,0.423159786930466,0.323,0.11,0,"CKD","NAT8"
"Rps27rt",460,0,0.423797702936117,0.298,0.072,0,"CKD","RPS27"
"Rps27rt",394,0,-0.423797702936117,0.072,0.298,0,"Health","RPS27"
"Mpc1",459,0,0.424554365148945,0.707,0.437,0,"CKD","MPC1"
"Mpc1",395,0,-0.424554365148945,0.437,0.707,0,"Health","MPC1"
"Ost4",396,0,-0.428032025389967,0.426,0.695,0,"Health","OST4"
"Ost4",458,0,0.428032025389967,0.695,0.426,0,"CKD","OST4"
"Ghr",457,0,0.439271450306396,0.534,0.308,0,"CKD","GHR"
"Ghr",397,0,-0.439271450306396,0.308,0.534,0,"Health","GHR"
"Ccdc6",401,0,-0.457948096945712,0.127,0.365,0,"Health","CCDC6"
"Ccdc6",453,0,0.457948096945712,0.365,0.127,0,"CKD","CCDC6"
"Rac2",452,0,0.465275924191809,0.216,0.043,0,"CKD","RAC2"
"Rac2",402,0,-0.465275924191809,0.043,0.216,0,"Health","RAC2"
"S100a10",451,0,0.469555155904398,0.475,0.219,0,"CKD","S100A10"
"S100a10",403,0,-0.469555155904398,0.219,0.475,0,"Health","S100A10"
"Lgals1",404,0,-0.475199439176117,0.152,0.391,0,"Health","LGALS1"
"Lgals1",450,0,0.475199439176117,0.391,0.152,0,"CKD","LGALS1"
"Hao2",405,0,-0.481534168193573,0.262,0.527,0,"Health","HAO2"
"Hao2",449,0,0.481534168193573,0.527,0.262,0,"CKD","HAO2"
"Rpl27",448,0,0.484587587980376,0.865,0.588,0,"CKD","RPL27"
"Rpl27",406,0,-0.484587587980376,0.588,0.865,0,"Health","RPL27"
"Rpl27a",445,0,0.502804114923291,0.964,0.709,0,"CKD","RPL27A"
"Rpl27a",409,0,-0.502804114923291,0.709,0.964,0,"Health","RPL27A"
"Atp11a",443,0,0.529769601935854,0.474,0.201,0,"CKD","ATP11A"
"Atp11a",411,0,-0.529769601935854,0.201,0.474,0,"Health","ATP11A"
"Defb29",442,0,0.535498825896598,0.534,0.257,0,"CKD","DEFB116"
"Defb29",412,0,-0.535498825896598,0.257,0.534,0,"Health","DEFB116"
"Slc7a13",413,0,-0.53639480882115,0.159,0.452,0,"Health","SLC7A13"
"Slc7a13",441,0,0.53639480882115,0.452,0.159,0,"CKD","SLC7A13"
"Cd52",440,0,0.552874369127025,0.246,0.055,0,"CKD","CD52"
"Cd52",414,0,-0.552874369127025,0.055,0.246,0,"Health","CD52"
"Cndp2",439,0,0.561875870753939,0.642,0.329,0,"CKD","CNDP2"
"Cndp2",415,0,-0.561875870753939,0.329,0.642,0,"Health","CNDP2"
"Rpl29",438,0,0.597713723333333,0.86,0.487,0,"CKD","RPL29"
"Rpl29",416,0,-0.597713723333333,0.487,0.86,0,"Health","RPL29"
"B2m",436,0,0.645755165251468,0.684,0.33,0,"CKD","B2M"
"B2m",418,0,-0.645755165251468,0.33,0.684,0,"Health","B2M"
"Tmsb4x",419,0,-0.683084397525767,0.227,0.536,0,"Health","TMSB4Y"
"Tmsb4x",435,0,0.683084397525767,0.536,0.227,0,"CKD","TMSB4Y"
"Ly6e",420,0,-0.688640326548972,0.211,0.619,0,"Health","LY6E"
"Ly6e",434,0,0.688640326548972,0.619,0.211,0,"CKD","LY6E"
"Rpl36al",421,0,-0.729102795773434,0.356,0.79,0,"Health","RPL36A"
"Rpl36al",433,0,0.729102795773434,0.79,0.356,0,"CKD","RPL36A"
"Guca2b",422,0,-0.745828401156475,0.43,0.766,0,"Health","GUCA2B"
"Guca2b",432,0,0.745828401156475,0.766,0.43,0,"CKD","GUCA2B"
"Ftl1-ps1",431,0,1.92596196956287,0.93,0.118,0,"CKD","FTL"
"Ftl1-ps1",423,0,-1.92596196956287,0.118,0.93,0,"Health","FTL"
"Pnrc1",854,1.11253692927028e-308,0.20247239123448,0.253,0.143,1.11253724800214e-308,"CKD","PNRC1"
"Pnrc1",424,1.11253692927028e-308,-0.20247239123448,0.143,0.253,1.11253724800214e-308,"Health","PNRC1"
"Camk2n1",856,1.11253693058099e-308,0.213754836275517,0.465,0.33,1.11256229828152e-308,"CKD","CAMK2N1"
"Camk2n1",426,1.11253693058099e-308,-0.213754836275517,0.33,0.465,1.11256229828152e-308,"Health","CAMK2N1"
"Plac8",427,1.11360011095652e-308,-0.216047763887821,0.069,0.154,4.06390574123269e-307,"Health","PLAC8"
"Plac8",857,1.1136001109565e-308,0.216047763887821,0.154,0.069,4.06390574115809e-307,"CKD","PLAC8"
"Tmem176b",859,3.73365752498063e-304,0.215250419882659,0.564,0.436,7.13576626174299e-300,"CKD","TMEM176B"
"Tmem176b",429,3.7336575250893e-304,-0.215250419882659,0.436,0.564,7.13576626195066e-300,"Health","TMEM176B"
"Sh3bgrl3",430,8.50135866328302e-261,-0.222302358164279,0.23,0.312,1.62477966772665e-256,"Health","SH3BGRL3"
"Sh3bgrl3",860,8.50135866353044e-261,0.222302358164279,0.312,0.23,1.62477966777394e-256,"CKD","SH3BGRL3"
