"",p_val,avg_log2FC,pct.1,pct.2,p_val_adj,cluster,gene,diff.pct
"1",0,1.92596196956287,0.93,0.118,0,UUO,Ftl1-ps1,0.812
"2",0,0.745828401156475,0.766,0.43,0,UUO,Guca2b,0.336
"3",0,0.729102795773434,0.79,0.356,0,UUO,Rpl36al,0.434
"4",0,0.688640326548972,0.619,0.211,0,UUO,Ly6e,0.408
"5",0,0.683084397525767,0.536,0.227,0,UUO,Tmsb4x,0.309
"6",0,0.645755165251468,0.684,0.33,0,UUO,B2m,0.354
"7",0,0.612493134108612,0.326,0.119,0,UUO,Tmsb10,0.207
"8",0,0.597713723333333,0.86,0.487,0,UUO,Rpl29,0.373
"9",0,0.561875870753939,0.642,0.329,0,UUO,Cndp2,0.313
"10",0,0.552874369127025,0.246,0.055,0,UUO,Cd52,0.191
"11",0,0.53639480882115,0.452,0.159,0,UUO,Slc7a13,0.293
"12",0,0.535498825896598,0.534,0.257,0,UUO,Defb29,0.277
"13",0,0.529769601935854,0.474,0.201,0,UUO,Atp11a,0.273
"14",0,0.517852641350852,0.188,0.022,0,UUO,Ccl5,0.166
"15",0,0.502804114923291,0.964,0.709,0,UUO,Rpl27a,0.255
"16",0,0.49923486866832,0.376,0.115,0,UUO,Gm47283,0.261
"17",0,0.486502371513276,0.325,0.109,0,UUO,Gm45792,0.216
"18",0,0.484587587980376,0.865,0.588,0,UUO,Rpl27,0.277
"19",0,0.481534168193573,0.527,0.262,0,UUO,Hao2,0.265
"20",0,0.475199439176117,0.391,0.152,0,UUO,Lgals1,0.239
"21",0,0.469555155904398,0.475,0.219,0,UUO,S100a10,0.256
"22",0,0.465275924191809,0.216,0.043,0,UUO,Rac2,0.173
"23",0,0.457948096945712,0.365,0.127,0,UUO,Ccdc6,0.238
"24",0,0.453166331448357,0.554,0.297,0,UUO,Gm19950,0.257
"25",0,0.449152709693223,0.533,0.259,0,UUO,Sumo2,0.274
"26",0,0.441481457493328,0.695,0.423,0,UUO,Rpl13a,0.272
"27",0,0.439271450306396,0.534,0.308,0,UUO,Ghr,0.226
"28",0,0.428032025389967,0.695,0.426,0,UUO,Ost4,0.269
"29",0,0.424554365148945,0.707,0.437,0,UUO,Mpc1,0.27
"30",0,0.423797702936117,0.298,0.072,0,UUO,Rps27rt,0.226
"31",0,0.423159786930466,0.323,0.11,0,UUO,Nat8f6,0.213
"32",0,0.420977620780497,0.957,0.748,0,UUO,Rps18,0.209
"33",0,0.41458628389484,0.199,0.044,0,UUO,Coro1a,0.155
"34",0,0.413270567044106,0.625,0.381,0,UUO,Acy3,0.244
"35",0,0.40139871550118,0.572,0.341,0,UUO,Slc22a12,0.231
"36",0,0.39666355891859,0.421,0.189,0,UUO,Ldhd,0.232
"37",0,0.396197379908782,0.802,0.563,0,UUO,Rpl12,0.239
"38",0,0.393826512105154,0.346,0.127,0,UUO,Slc6a18,0.219
"39",0,0.393779936749888,0.849,0.631,0,UUO,Rpl18,0.218
"40",0,0.389899831580733,0.363,0.183,0,UUO,Slc22a30,0.18
"41",0,0.38602406002445,0.907,0.698,0,UUO,Rps6,0.209
"42",0,0.38462933438342,0.842,0.613,0,UUO,Rpl4,0.229
"43",0,0.384164631148239,0.158,0.027,0,UUO,Trbc2,0.131
"44",0,0.381227008983671,0.209,0.04,0,UUO,Cd74,0.169
"45",0,0.37917543188885,0.192,0.046,0,UUO,Arhgdib,0.146
"46",0,0.377225421995053,0.97,0.801,0,UUO,Rps2,0.169
"47",0,0.372923515841119,0.964,0.796,0,UUO,Rpl17,0.168
"48",0,0.371177352205086,0.729,0.522,0,UUO,Pfn1,0.207
"49",0,0.368943508641709,0.596,0.355,0,UUO,Dynll1,0.241
"50",0,0.367432538989594,0.354,0.206,0,UUO,H2-D1,0.148
"51",0,0.367282327660736,0.165,0.033,0,UUO,AW112010,0.132
"52",0,0.367156622412795,0.888,0.701,0,UUO,Rps7,0.187
"53",0,0.364964972838263,0.373,0.165,0,UUO,Mpv17l,0.208
"54",0,0.361893997959721,0.392,0.21,0,UUO,Slc13a1,0.182
"55",0,0.361782882312824,0.583,0.357,0,UUO,Pabpc1,0.226
"56",0,0.360561902141768,0.906,0.695,0,UUO,Rps12,0.211
"57",0,0.359469719454851,0.652,0.422,0,UUO,Eef1b2,0.23
"58",0,0.358887415652865,0.143,0.017,0,UUO,Ms4a4b,0.126
"59",0,0.358357166411317,0.867,0.65,0,UUO,Rpl30,0.217
"60",0,0.35761641195383,0.216,0.032,0,UUO,Igkc,0.184
"61",0,0.357598582648,0.159,0.02,0,UUO,Lyz2,0.139
"62",0,0.352787664251745,0.457,0.238,0,UUO,Napsa,0.219
"63",0,0.351892120134201,0.66,0.448,0,UUO,Actg1,0.212
"64",0,0.350648713904564,0.697,0.49,0,UUO,Dnajc19,0.207
"65",0,0.347194877227491,0.55,0.352,0,UUO,Odc1,0.198
"66",0,0.345184735163293,0.909,0.722,0,UUO,Rps10,0.187
"67",0,0.344587601252464,0.98,0.853,0,UUO,Rps19,0.127
"68",0,0.344542244629253,0.205,0.026,0,UUO,Map3k7cl,0.179
"69",0,0.343928819220265,0.554,0.343,0,UUO,Cda,0.211
"70",0,0.343549830793548,0.143,0.023,0,UUO,Cd3g,0.12
"71",0,0.3389320291773,0.317,0.129,0,UUO,Them7,0.188
"72",0,0.338319758902847,0.942,0.737,0,UUO,Serf2,0.205
"73",0,0.336512606042194,0.66,0.442,0,UUO,Eef1g,0.218
"74",0,0.336510302404038,0.14,0.024,0,UUO,Ltb,0.116
"75",0,0.334238058428195,0.357,0.172,0,UUO,Rbm3,0.185
"76",0,0.333626627131617,0.953,0.794,0,UUO,Rps16,0.159
"77",0,0.333188331010744,0.914,0.733,0,UUO,Rps13,0.181
"78",0,0.33024852389527,0.734,0.491,0,UUO,Atp5g2,0.243
"79",0,0.329406499710208,0.602,0.384,0,UUO,Sec61b,0.218
"80",0,0.328755049421914,0.973,0.815,0,UUO,Rpl35a,0.158
"81",0,0.32787267840657,0.957,0.8,0,UUO,Rps11,0.157
"82",0,0.327706916058389,0.14,0.022,0,UUO,Cd3d,0.118
"83",0,0.326939739203282,0.247,0.078,0,UUO,Nuak2,0.169
"84",0,0.324488512292343,0.233,0.106,0,UUO,Arpc1b,0.127
"85",0,0.323921314463992,0.164,0.033,0,UUO,Laptm5,0.131
"86",0,0.32335674497881,0.954,0.809,0,UUO,Rplp0,0.145
"87",0,0.321318406678763,0.525,0.317,0,UUO,Mrps36,0.208
"88",0,0.320283122044776,0.865,0.663,0,UUO,Ptma,0.202
"89",0,0.318721651193463,0.169,0.043,0,UUO,Fxyd5,0.126
"90",0,0.315990344772423,0.174,0.044,0,UUO,Psmb8,0.13
"91",0,0.315917354044046,0.638,0.429,0,UUO,Ly6a,0.209
"92",0,0.315357669100832,0.612,0.39,0,UUO,Tomm20,0.222
"93",0,0.314726049087429,0.918,0.748,0,UUO,Rps3a1,0.17
"94",0,0.314091371840328,0.882,0.694,0,UUO,Rpl7,0.188
"95",0,0.314087753023006,0.227,0.11,0,UUO,Crip1,0.117
"96",0,0.313544042783486,0.382,0.189,0,UUO,Cdk2ap2,0.193
"97",0,0.312962089131733,0.323,0.216,0,UUO,Btg1,0.107
"98",0,0.312478203874603,0.485,0.285,0,UUO,Med28,0.2
"99",0,0.312216092542156,0.52,0.381,0,UUO,Mat2a,0.139
"100",0,0.311405585112712,0.85,0.666,0,UUO,Rpsa,0.184
"101",0,0.310972428015973,0.606,0.413,0,UUO,Msrb1,0.193
"102",0,0.308884898779128,0.933,0.763,0,UUO,Rps20,0.17
"103",0,0.308322838137796,0.157,0.048,0,UUO,S100a6,0.109
"104",0,0.308204960155681,0.153,0.032,0,UUO,Hcst,0.121
"105",0,0.306162445415862,0.883,0.699,0,UUO,Rpl15,0.184
"106",0,0.306112982519415,0.956,0.814,0,UUO,Rps24,0.142
"107",0,0.304912878275767,0.252,0.085,0,UUO,1700016C15Rik,0.167
"108",0,0.304552585807629,0.882,0.7,0,UUO,Rpl10a,0.182
"109",0,0.304374181660663,0.917,0.754,0,UUO,Rps9,0.163
"110",0,0.303625412166492,0.199,0.085,0,UUO,Ptpn18,0.114
"111",0,0.301755337910544,0.928,0.771,0,UUO,Rps5,0.157
"112",0,0.301076225940058,0.709,0.515,0,UUO,Rack1,0.194
"113",0,0.300420374957022,0.457,0.265,0,UUO,Krtcap2,0.192
"114",0,0.299667114364195,0.61,0.415,0,UUO,Btf3,0.195
"115",0,0.299361658521202,0.442,0.252,0,UUO,Mep1a,0.19
"116",0,0.299159372054002,0.407,0.234,0,UUO,S100a11,0.173
"117",0,0.298746641047906,0.351,0.219,0,UUO,H2-K1,0.132
"118",0,0.298083329372743,0.7,0.489,0,UUO,Tma7,0.211
"119",0,0.297826889087532,0.34,0.163,0,UUO,Nhp2,0.177
"120",0,0.297402490286659,0.538,0.34,0,UUO,Mrpl33,0.198
"121",0,0.296995732023819,0.897,0.765,0,UUO,Kap,0.132
"122",0,0.296813056691901,0.839,0.641,0,UUO,Rpl22,0.198
"123",0,0.296796908647862,0.137,0.021,0,UUO,Ms4a6b,0.116
"124",0,0.296701591763026,0.242,0.068,0,UUO,Cd36,0.174
"125",0,0.296568864374512,0.935,0.772,0,UUO,Rpl10,0.163
"126",0,0.296256915011032,0.522,0.323,0,UUO,Srp9,0.199
"127",0,0.295864527656501,0.951,0.805,0,UUO,Rpl23a,0.146
"128",0,0.294521357623423,0.638,0.451,0,UUO,Sat1,0.187
"129",0,0.294402086552015,0.458,0.265,0,UUO,Slc13a3,0.193
"130",0,0.293043141216219,0.18,0.056,0,UUO,Limd2,0.124
"131",0,0.291825583402576,0.13,0.021,0,UUO,Lck,0.109
"132",0,0.291662927064098,0.956,0.82,0,UUO,Rpl18a,0.136
"133",0,0.289231174709476,0.446,0.259,0,UUO,Ppdpf,0.187
"134",0,0.287944599291092,0.423,0.243,0,UUO,Gm11808,0.18
"135",0,0.287495478000144,0.133,0.026,0,UUO,Vim,0.107
"136",0,0.286620128068968,0.97,0.86,0,UUO,Fau,0.11
"137",0,0.285590119710431,0.658,0.462,0,UUO,Id2,0.196
"138",0,0.285395261661426,0.355,0.189,0,UUO,Lrrc58,0.166
"139",0,0.285307311953912,0.269,0.117,0,UUO,Tpm3,0.152
"140",0,0.283291784556072,0.934,0.786,0,UUO,Rps15a,0.148
"141",0,0.283265604310066,0.436,0.283,0,UUO,Tsc22d1,0.153
"142",0,0.28291596833887,0.935,0.785,0,UUO,Rps15,0.15
"143",0,0.282500490428306,0.255,0.13,0,UUO,Shisa5,0.125
"144",0,0.282415662115212,0.153,0.035,0,UUO,Ptprc,0.118
"145",0,0.282396662572844,0.327,0.162,0,UUO,Tmem150a,0.165
"146",0,0.280742971532378,0.89,0.707,0,UUO,Oaz1,0.183
"147",0,0.280121359435567,0.959,0.822,0,UUO,Rps27a,0.137
"148",0,0.280113688581264,0.205,0.052,0,UUO,Rnaset2b,0.153
"149",0,0.279844985641806,0.894,0.737,0,UUO,Rps3,0.157
"150",0,0.278520856416654,0.975,0.855,0,UUO,Rps23,0.12
"151",0,0.27764420707496,0.901,0.748,0,UUO,Rps4x,0.153
"152",0,0.277512642315929,0.235,0.079,0,UUO,Nme2,0.156
"153",0,0.277499299953313,0.942,0.804,0,UUO,Rpl19,0.138
"154",0,0.276639844827849,0.267,0.122,0,UUO,Ucp2,0.145
"155",0,0.27658409984865,0.123,0.017,0,UUO,Lat,0.106
"156",0,0.275035319350621,0.383,0.226,0,UUO,Hnrnpf,0.157
"157",0,0.27455560858033,0.817,0.628,0,UUO,Gng5,0.189
"158",0,0.273454757928318,0.226,0.098,0,UUO,Zfp36l2,0.128
"159",0,0.272989273050947,0.983,0.881,0,UUO,Rplp1,0.102
"160",0,0.272283460946296,0.384,0.211,0,UUO,Psenen,0.173
"161",0,0.271546805340836,0.943,0.792,0,UUO,Rps25,0.151
"162",0,0.270798195991132,0.425,0.252,0,UUO,Tmed2,0.173
"163",0,0.27052112339306,0.137,0.027,0,UUO,Lsp1,0.11
"164",0,0.26970596685217,0.139,0.029,0,UUO,Emp3,0.11
"165",0,0.269576759484012,0.106,0.025,0,UUO,Nkg7,0.081
"166",0,0.268639785166775,0.166,0.049,0,UUO,Gmfg,0.117
"167",0,0.268359695580542,0.472,0.302,0,UUO,Dnaja1,0.17
"168",0,0.268131793633213,0.29,0.126,0,UUO,Tmigd1,0.164
"169",0,0.267997709317914,0.503,0.336,0,UUO,Eif3h,0.167
"170",0,0.267900330602397,0.351,0.181,0,UUO,Timm10b,0.17
"171",0,0.267833523323186,0.959,0.819,0,UUO,Rpl28,0.14
"172",0,0.267774523236419,0.109,0.017,0,UUO,S100a4,0.092
"173",0,0.265738034211699,0.907,0.741,0,UUO,Rpl34,0.166
"174",0,0.265272634744831,0.64,0.459,0,UUO,AI314278,0.181
"175",0,0.264936913519391,0.978,0.869,0,UUO,Rpl32,0.109
"176",0,0.263922994697129,0.468,0.308,0,UUO,Jund,0.16
"177",0,0.263706866151043,0.979,0.877,0,UUO,Rpl13,0.102
"178",0,0.263683956646937,0.338,0.176,0,UUO,Slc5a8,0.162
"179",0,0.263588882625435,0.744,0.612,0,UUO,Ttc36,0.132
"180",0,0.262788635273592,0.298,0.142,0,UUO,Manf,0.156
"181",0,0.262330498734936,0.489,0.332,0,UUO,H2afz,0.157
"182",0,0.261627884696963,0.658,0.475,0,UUO,Zfp706,0.183
"183",0,0.261454837012956,0.816,0.645,0,UUO,Hspe1,0.171
"184",0,0.260946988339125,0.999,0.91,0,UUO,mt-Atp6,0.089
"185",0,0.259896735721177,0.299,0.147,0,UUO,Gchfr,0.152
"186",0,0.259491837736796,0.974,0.862,0,UUO,Eef1a1,0.112
"187",0,0.25930738958719,0.168,0.032,0,UUO,BC049987,0.136
"188",0,0.258750604243985,0.113,0.019,0,UUO,Trac,0.094
"189",0,0.257611163365402,0.174,0.059,0,UUO,Junb,0.115
"190",0,0.257002682938709,0.324,0.182,0,UUO,Gnai2,0.142
"191",0,0.255775699045214,0.152,0.043,0,UUO,Srgn,0.109
"192",0,0.254742698629085,0.129,0.033,0,UUO,Ifi27l2a,0.096
"193",0,0.253928877729772,0.108,0.013,0,UUO,Thy1,0.095
"194",0,0.253874968898029,0.387,0.234,0,UUO,Gclm,0.153
"195",0,0.253810389415094,0.291,0.151,0,UUO,Rdh16f2,0.14
"196",0,0.253720870220761,0.323,0.169,0,UUO,Trmt112,0.154
"197",0,0.252550669331049,0.131,0.025,0,UUO,Selplg,0.106
"198",0,0.25250988371479,0.206,0.06,0,UUO,Slco1a1,0.146
"199",0,0.252190728793827,0.347,0.191,0,UUO,Reep5,0.156
"200",0,0.251396509509032,0.304,0.152,0,UUO,Mkrn1,0.152
"201",0,0.251365621153201,0.134,0.032,0,UUO,Fyb,0.102
"202",0,0.249763624749543,0.9,0.765,0,UUO,Rpl9,0.135
"203",0,0.247455548911898,0.381,0.23,0,UUO,Set,0.151
"204",0,0.247098032689358,0.235,0.098,0,UUO,Ube2i,0.137
"205",0,0.246299000091498,0.796,0.649,0,UUO,Cycs,0.147
"206",0,0.246140307893204,0.21,0.077,0,UUO,H2-T22,0.133
"207",0,0.245231747735251,0.103,0.019,0,UUO,Trbc1,0.084
"208",0,0.245023458594428,0.121,0.023,0,UUO,H2-Q7,0.098
"209",0,0.244897123869848,0.942,0.809,0,UUO,Rpl11,0.133
"210",0,0.244840179765119,0.235,0.098,0,UUO,Cyp4a31,0.137
"211",0,0.244804445691021,0.513,0.344,0,UUO,Selenok,0.169
"212",0,0.244615092773092,0.126,0.024,0,UUO,Slfn2,0.102
"213",0,0.244524051536676,0.245,0.104,0,UUO,Npm3,0.141
"214",0,0.243335662581963,0.948,0.81,0,UUO,Rpl24,0.138
"215",0,0.242782243416019,0.119,0.024,0,UUO,Ptprcap,0.095
"216",0,0.242162504958379,0.42,0.264,0,UUO,Serp1,0.156
"217",0,0.241572142833143,0.171,0.035,0,UUO,Sft2d1,0.136
"218",0,0.240453099261796,0.231,0.1,0,UUO,Arpc4,0.131
"219",0,0.240246948207645,0.494,0.347,0,UUO,Eif3f,0.147
"220",0,0.239299105029434,0.686,0.515,0,UUO,Rpl5,0.171
"221",0,0.238852539166246,0.69,0.513,0,UUO,Rpl22l1,0.177
"222",0,0.238425881929251,0.647,0.488,0,UUO,H3f3a,0.159
"223",0,0.237241731415093,0.171,0.047,0,UUO,Mylk,0.124
"224",0,0.236869295231668,0.225,0.088,0,UUO,Ugt3a1,0.137
"225",0,0.236818076042444,0.974,0.865,0,UUO,Rpl23,0.109
"226",0,0.236769922943602,0.225,0.095,0,UUO,Slc51b,0.13
"227",0,0.236624516558917,0.13,0.028,0,UUO,Arhgap45,0.102
"228",0,0.235664193285646,0.34,0.193,0,UUO,Erich4,0.147
"229",0,0.235267344819599,0.141,0.017,0,UUO,Nt5e,0.124
"230",0,0.234793863611701,0.418,0.264,0,UUO,Mrpl57,0.154
"231",0,0.232833476875887,0.826,0.677,0,UUO,Rpl3,0.149
"232",0,0.231328087799024,0.207,0.073,0,UUO,B4galt5,0.134
"233",0,0.230903982693588,0.712,0.548,0,UUO,H3f3b,0.164
"234",0,0.23069615225745,0.985,0.894,0,UUO,Tpt1,0.091
"235",0,0.230632619643961,0.95,0.828,0,UUO,Rps8,0.122
"236",0,0.230408444700482,0.95,0.834,0,UUO,Rplp2,0.116
"237",0,0.229841475933301,0.243,0.114,0,UUO,Col4a3,0.129
"238",0,0.229484902349367,0.797,0.629,0,UUO,Rpl7a,0.168
"239",0,0.22931464344518,0.172,0.047,0,UUO,Slc10a2,0.125
"240",0,0.229091406964551,0.35,0.193,0,UUO,Ces1f,0.157
"241",0,0.228931779998627,0.288,0.16,0,UUO,Rap1b,0.128
"242",0,0.228613627233411,0.261,0.122,0,UUO,Agps,0.139
"243",0,0.228515215065013,0.271,0.131,0,UUO,Serpinf2,0.14
"244",0,0.22803216804139,0.908,0.777,0,UUO,Rpl8,0.131
"245",0,0.227558504810267,0.685,0.514,0,UUO,Cyba,0.171
"246",0,0.226748553192859,0.247,0.117,0,UUO,Msn,0.13
"247",0,0.226446617186459,0.993,0.872,0,UUO,mt-Co2,0.121
"248",0,0.226408771831269,0.731,0.585,0,UUO,Ubb,0.146
"249",0,0.225855126457492,0.858,0.742,0,UUO,Gpx4,0.116
"250",0,0.225808485085119,0.564,0.434,0,UUO,Cfl1,0.13
"251",0,0.225768652852804,0.892,0.73,0,UUO,Rpl36a,0.162
"252",0,0.225353329587451,0.378,0.237,0,UUO,Acaa1b,0.141
"253",0,0.224959604665167,0.369,0.231,0,UUO,Cisd3,0.138
"254",0,0.22475419531039,0.586,0.407,0,UUO,Cyp4b1,0.179
"255",0,0.224596624780366,0.431,0.275,0,UUO,Fkbp1a,0.156
"256",0,0.224210074597935,0.11,0.021,0,UUO,Gimap3,0.089
"257",0,0.22399566250115,0.505,0.346,0,UUO,Polr1d,0.159
"258",0,0.223950379280354,0.56,0.393,0,UUO,Scand1,0.167
"259",0,0.223548412245082,0.77,0.601,0,UUO,Naca,0.169
"260",0,0.223538222261586,0.606,0.444,0,UUO,Cox7a2l,0.162
"261",0,0.223097171846254,0.285,0.152,0,UUO,Fgfr1op2,0.133
"262",0,0.223094980095448,0.53,0.372,0,UUO,Mien1,0.158
"263",0,0.222557545738678,0.617,0.531,0,UUO,Zbtb20,0.086
"264",0,0.222349006143548,0.201,0.074,0,UUO,Smlr1,0.127
"265",0,0.221416740650789,0.756,0.658,0,UUO,Chpt1,0.098
"266",0,0.220730965573761,0.172,0.071,0,UUO,Ttr,0.101
"267",0,0.220163405031354,0.877,0.725,0,UUO,Rps26,0.152
"268",0,0.220093544425664,0.738,0.581,0,UUO,H2afj,0.157
"269",0,0.219424514294876,0.869,0.719,0,UUO,Ybx1,0.15
"270",0,0.21925060639274,0.34,0.204,0,UUO,Hnrnpa3,0.136
"271",0,0.217717312603335,0.309,0.174,0,UUO,Cks2,0.135
"272",0,0.217420939302572,0.351,0.214,0,UUO,Abracl,0.137
"273",0,0.217290523931404,0.53,0.39,0,UUO,Tmem176a,0.14
"274",0,0.216720805920031,0.49,0.336,0,UUO,Cenpx,0.154
"275",0,0.216524010051285,0.386,0.247,0,UUO,Rnf181,0.139
"276",0,0.215659705314749,0.924,0.788,0,UUO,Rpl31,0.136
"277",0,0.21543229826814,0.121,0.028,0,UUO,Cnn2,0.093
"278",0,0.214480404695981,0.806,0.685,0,UUO,Cyb5a,0.121
"279",0,0.214478830218659,0.362,0.223,0,UUO,1810022K09Rik,0.139
"280",0,0.213566803858357,0.742,0.649,0,UUO,Actb,0.093
"281",0,0.213552474768657,0.121,0.027,0,UUO,Cd53,0.094
"282",0,0.213471454597946,0.93,0.8,0,UUO,Rpl14,0.13
"283",0,0.21276866554538,0.483,0.335,0,UUO,Tomm5,0.148
"284",0,0.212309561566177,0.16,0.046,0,UUO,2200002D01Rik,0.114
"285",0,0.21132163896243,0.134,0.046,0,UUO,Klf2,0.088
"286",0,0.210321984798698,0.24,0.116,0,UUO,Cdc42se1,0.124
"287",0,0.209427642576684,0.174,0.061,0,UUO,Fgf1,0.113
"288",0,0.208980716556731,0.135,0.044,0,UUO,Gimap1,0.091
"289",0,0.208589346993504,0.281,0.161,0,UUO,Slc22a28,0.12
"290",0,0.20806207000115,0.275,0.155,0,UUO,Ankrd11,0.12
"291",0,0.207875296744559,0.105,0.022,0,UUO,Ets1,0.083
"292",0,0.207575827628221,0.628,0.483,0,UUO,Lrp2,0.145
"293",0,0.207244177967651,0.124,0.029,0,UUO,Lcp1,0.095
"294",0,0.207128647153289,0.126,0.024,0,UUO,Gpc3,0.102
"295",0,0.207072863733269,0.337,0.2,0,UUO,Gm26917,0.137
"296",0,0.206728999793166,0.248,0.129,0,UUO,Cyp4a10,0.119
"297",0,0.206487247669551,0.126,0.016,0,UUO,Gm853,0.11
"298",0,0.206218497620123,0.11,0.03,0,UUO,Ccnd2,0.08
"299",0,0.205276349638303,0.381,0.245,0,UUO,Me1,0.136
"300",0,0.204990821812793,0.156,0.047,0,UUO,Idi1,0.109
"301",0,0.204445316305162,0.354,0.221,0,UUO,Mrps33,0.133
"302",0,0.202689060616375,0.121,0.039,0,UUO,Gimap4,0.082
"303",0,0.201300371515559,0.564,0.416,0,UUO,Ube2d3,0.148
"304",0,0.200745057309427,0.352,0.224,0,UUO,Wwp1,0.128
"305",1.11253692927029e-308,0.20247239123448,0.253,0.143,1.11253724813434e-308,UUO,Pnrc1,0.11
"306",1.11253692980733e-308,0.200197856486302,0.407,0.276,1.11254751204696e-308,UUO,Snrpg,0.131
"307",1.11253693058135e-308,0.213754836275517,0.465,0.33,1.11256230526903e-308,UUO,Camk2n1,0.135
"308",1.11360034247685e-308,0.216047763887821,0.154,0.069,4.06479070453777e-307,UUO,Plac8,0.085
"309",3.73800782636492e-304,0.215250419882659,0.564,0.436,7.14408055774864e-300,UUO,Tmem176b,0.128
"310",8.54430170407033e-261,0.222302358164279,0.312,0.23,1.63298694168192e-256,UUO,Sh3bgrl3,0.082
"311",0,1.47105597878359,0.811,0.169,0,Control,S100g,0.642
"312",0,1.11416173097633,0.652,0.223,0,Control,Gm10076,0.429
"313",0,0.936494186070319,0.972,0.481,0,Control,Ftl1,0.491
"314",0,0.79402895644272,0.324,0.033,0,Control,Klk1,0.291
"315",0,0.789039510737743,0.497,0.151,0,Control,Mt1,0.346
"316",0,0.77848067702855,0.333,0.051,0,Control,Defb1,0.282
"317",0,0.714721391834428,0.299,0.036,0,Control,Wfdc15b,0.263
"318",0,0.705974492963549,0.271,0.02,0,Control,Calb1,0.251
"319",0,0.688986386331033,0.442,0.154,0,Control,Dnase1,0.288
"320",0,0.661526528601239,0.278,0.038,0,Control,Tmem52b,0.24
"321",0,0.659100792693448,0.234,0.026,0,Control,Egf,0.208
"322",0,0.647541080415068,0.496,0.203,0,Control,Spp1,0.293
"323",0,0.645040598382861,0.286,0.042,0,Control,Tmem213,0.244
"324",0,0.6261592060722,0.217,0.032,0,Control,Slc12a3,0.185
"325",0,0.580222824857685,0.506,0.255,0,Control,Gatm,0.251
"326",0,0.563531359193916,0.235,0.035,0,Control,Ppp1r1a,0.2
"327",0,0.539343298293578,0.232,0.06,0,Control,Umod,0.172
"328",0,0.492934307645089,0.738,0.571,0,Control,Atp1a1,0.167
"329",0,0.486701686252071,0.66,0.437,0,Control,Ldhb,0.223
"330",0,0.464215495155333,0.335,0.131,0,Control,Txnip,0.204
"331",0,0.464092753179632,0.348,0.209,0,Control,Wnk1,0.139
"332",0,0.449863588019563,0.582,0.39,0,Control,Gabarapl1,0.192
"333",0,0.448469935963813,0.268,0.084,0,Control,Spp2,0.184
"334",0,0.447516666172842,0.272,0.08,0,Control,Fabp3,0.192
"335",0,0.429439111053916,0.191,0.034,0,Control,Kng2,0.157
"336",0,0.420023727027741,0.154,0.018,0,Control,Atp6v1g3,0.136
"337",0,0.412612836524585,0.268,0.1,0,Control,Slc6a19,0.168
"338",0,0.405275573087721,0.199,0.035,0,Control,Mal,0.164
"339",0,0.402892754562411,0.804,0.667,0,Control,Atp5b,0.137
"340",0,0.395771640155706,0.379,0.221,0,Control,Inmt,0.158
"341",0,0.388087155169716,0.373,0.202,0,Control,Idh2,0.171
"342",0,0.3864178560756,0.634,0.472,0,Control,Mdh1,0.162
"343",0,0.3856931901443,0.233,0.051,0,Control,Acss1,0.182
"344",0,0.384917033383428,0.151,0.021,0,Control,Sfrp1,0.13
"345",0,0.380401790718245,0.853,0.744,0,Control,Atp5k,0.109
"346",0,0.378821381522992,0.558,0.407,0,Control,Oxct1,0.151
"347",0,0.374004627525283,0.502,0.348,0,Control,Slc25a4,0.154
"348",0,0.364714554860727,0.167,0.024,0,Control,Clcnkb,0.143
"349",0,0.354883740542725,0.153,0.018,0,Control,Pgam2,0.135
"350",0,0.351893808882409,0.301,0.141,0,Control,Ccnd1,0.16
"351",0,0.343497281071718,0.181,0.048,0,Control,Mt2,0.133
"352",0,0.339483300355299,0.722,0.603,0,Control,Atp5a1,0.119
"353",0,0.33183716951563,0.148,0.019,0,Control,Slc16a7,0.129
"354",0,0.330426156407773,0.243,0.101,0,Control,Enpp2,0.142
"355",0,0.330246552502551,0.145,0.019,0,Control,Kcnj1,0.126
"356",0,0.323553467180393,0.158,0.041,0,Control,Clu,0.117
"357",0,0.323190873805348,0.23,0.075,0,Control,Oat,0.155
"358",0,0.320443100817917,0.112,0.012,0,Control,Pvalb,0.1
"359",0,0.31848037546856,0.436,0.319,0,Control,Fbp1,0.117
"360",0,0.315908179186356,0.146,0.025,0,Control,Sostdc1,0.121
"361",0,0.311816295746752,0.413,0.277,0,Control,Uqcrc1,0.136
"362",0,0.308888385564675,0.222,0.113,0,Control,Wfdc2,0.109
"363",0,0.302618565124241,0.45,0.34,0,Control,Pah,0.11
"364",0,0.298968457444286,0.212,0.077,0,Control,Car14,0.135
"365",0,0.298005787669834,0.209,0.092,0,Control,Slc5a12,0.117
"366",0,0.29704242469833,0.415,0.286,0,Control,Sdha,0.129
"367",0,0.295120993942166,0.3,0.203,0,Control,Nudt4,0.097
"368",0,0.288287598962555,0.156,0.034,0,Control,Hoxd8,0.122
"369",0,0.288274903128349,0.688,0.635,0,Control,Ass1,0.0529999999999999
"370",0,0.284507917467248,0.579,0.485,0,Control,S100a1,0.094
"371",0,0.28278605619037,0.268,0.161,0,Control,Car12,0.107
"372",0,0.281215867526551,0.259,0.141,0,Control,Asl,0.118
"373",0,0.281209389639212,0.421,0.315,0,Control,Lgmn,0.106
"374",0,0.280908208468466,0.229,0.127,0,Control,Slc5a2,0.102
"375",0,0.277950051852905,0.751,0.659,0,Control,Atp1b1,0.092
"376",0,0.277693553503056,0.322,0.206,0,Control,Ctsl,0.116
"377",0,0.273468039602777,0.472,0.37,0,Control,Atp6v1e1,0.102
"378",0,0.272163177962266,0.703,0.616,0,Control,Slc25a5,0.087
"379",0,0.263645861897533,0.759,0.675,0,Control,Atp5g3,0.084
"380",0,0.262743936150519,0.22,0.107,0,Control,Dbp,0.113
"381",0,0.261072573977392,0.201,0.089,0,Control,Slc43a2,0.112
"382",0,0.259917772083132,0.502,0.404,0,Control,Sec62,0.098
"383",0,0.259753943821291,0.145,0.052,0,Control,Snhg11,0.093
"384",0,0.259468855993025,0.304,0.197,0,Control,Mgst3,0.107
"385",0,0.257506189121196,0.402,0.311,0,Control,Cdh16,0.091
"386",0,0.255742668107112,0.443,0.361,0,Control,Kl,0.082
"387",0,0.254957669336226,0.223,0.11,0,Control,Ppargc1a,0.113
"388",0,0.253234698181887,0.5,0.402,0,Control,Ubc,0.098
"389",0,0.251609495775219,0.764,0.729,0,Control,mt-Nd3,0.035
"390",0,0.250408201679092,0.167,0.061,0,Control,Cyp2d26,0.106
"391",0,0.247948952728273,0.535,0.442,0,Control,Cyc1,0.093
"392",0,0.247191671516679,0.155,0.062,0,Control,Igfbp5,0.093
"393",0,0.246654878650746,0.166,0.071,0,Control,Wnk4,0.095
"394",0,0.243350251539165,0.126,0.025,0,Control,Epcam,0.101
"395",0,0.241936862876131,0.186,0.082,0,Control,Slc7a8,0.104
"396",0,0.24180262455815,0.691,0.623,0,Control,Mif,0.068
"397",0,0.241592329742013,0.119,0.018,0,Control,Scnn1a,0.101
"398",0,0.241571172150169,0.4,0.298,0,Control,Mdh2,0.102
"399",0,0.240873170877282,0.577,0.49,0,Control,Aldoa,0.087
"400",0,0.240570839774773,0.659,0.581,0,Control,Atp5o.1,0.0780000000000001
"401",0,0.23655357699957,0.558,0.479,0,Control,Uqcrfs1,0.0790000000000001
"402",0,0.23627712086867,0.125,0.039,0,Control,Ckb,0.086
"403",0,0.235879680634037,0.231,0.125,0,Control,Acaa2,0.106
"404",0,0.235272702798,0.356,0.256,0,Control,Marc2,0.1
"405",0,0.234948844108149,0.18,0.084,0,Control,Slc7a7,0.096
"406",0,0.234693564726503,0.244,0.139,0,Control,Tceal9,0.105
"407",0,0.232120030613415,0.341,0.235,0,Control,Eno1,0.106
"408",0,0.231148984859633,0.115,0.017,0,Control,Mecom,0.098
"409",0,0.230864598690891,0.538,0.465,0,Control,Tcn2,0.073
"410",0,0.230750967533433,0.369,0.283,0,Control,Herpud1,0.086
"411",0,0.230526584892112,0.104,0.012,0,Control,Rhcg,0.092
"412",0,0.230255925026444,0.169,0.057,0,Control,Eif3j1,0.112
"413",0,0.228214108972914,0.111,0.015,0,Control,Cldn8,0.096
"414",0,0.224914406263819,0.271,0.174,0,Control,Ndufv1,0.097
"415",0,0.223770269222105,0.719,0.666,0,Control,Slc25a3,0.0529999999999999
"416",0,0.222199147262909,0.123,0.04,0,Control,Ier3,0.083
"417",0,0.219011083223471,0.354,0.263,0,Control,Phyh,0.091
"418",0,0.218374434795146,0.237,0.152,0,Control,Tfcp2l1,0.085
"419",0,0.217109317078213,0.745,0.687,0,Control,Cox5a,0.0579999999999999
"420",0,0.212897104899935,0.525,0.442,0,Control,Gm42418,0.083
"421",0,0.21246566193851,0.167,0.081,0,Control,Aif1l,0.086
"422",0,0.210919727936554,0.201,0.113,0,Control,Cox7a1,0.088
"423",0,0.209337680562177,0.389,0.306,0,Control,Ndufs2,0.083
"424",0,0.209239251720869,0.383,0.299,0,Control,Suclg1,0.084
"425",0,0.207959295826793,0.213,0.121,0,Control,Cnn3,0.092
"426",0,0.207843434946308,0.105,0.017,0,Control,Tmem72,0.088
"427",0,0.206979801399751,0.103,0.016,0,Control,Efhd1,0.087
"428",0,0.203995529739715,0.102,0.019,0,Control,Krt7,0.083
"429",0,0.202643859525723,0.617,0.558,0,Control,Atp5c1,0.0589999999999999
"430",1.20817843860269e-308,0.203501525778661,0.242,0.149,3.65580105335962e-305,Control,Gm44386,0.093
